date,1. open,2. high,3. low,4. close,5. adjusted close,6. volume,7. dividend amount,8. split coefficient
2013-05-16,8.66,9.0,8.0,8.095,8.0419,453500.0,0.0,1.0
2013-05-17,8.07,8.35,8.07,8.33,8.2754,96000.0,0.0,1.0
2013-05-20,8.99,8.99,8.35,8.4,8.3449,11100.0,0.0,1.0
2013-05-21,8.46,8.46,8.38,8.425,8.3698,4100.0,0.0,1.0
2013-05-22,8.5,8.5,8.11,8.29,8.2357,10300.0,0.0,1.0
2013-05-23,8.093,8.093,8.0,8.0,7.9476,23000.0,0.0,1.0
2013-05-24,8.004,8.004,8.004,8.004,7.9515,500.0,0.0,1.0
2013-05-28,7.9,8.0,7.9,8.0,7.9476,1800.0,0.0,1.0
2013-05-29,8.01,8.04,7.98,8.0,7.9476,13200.0,0.0,1.0
2013-05-30,7.9,7.9,7.9,7.9,7.8482,5000.0,0.0,1.0
2013-05-31,7.61,7.61,7.6,7.6,7.5502,1400.0,0.0,1.0
2013-06-03,7.6,7.6,7.5,7.5,7.4508,2900.0,0.0,1.0
2013-06-04,7.44,7.5,7.44,7.45,7.4012,2500.0,0.0,1.0
2013-06-05,7.401,7.42,7.12,7.121,7.0743,13000.0,0.0,1.0
2013-06-06,7.06,7.06,6.281,7.0,6.9541,5600.0,0.0,1.0
2013-06-07,6.75,6.75,5.55,6.5,6.4574,7900.0,0.0,1.0
2013-06-10,6.6,6.6,6.41,6.49,6.4475,6000.0,0.0,1.0
2013-06-11,7.0,7.0,6.43,6.44,6.3978,2200.0,0.0,1.0
2013-06-12,6.44,6.44,6.44,6.44,6.3978,0.0,0.0,1.0
2013-06-13,6.5,6.665,6.5,6.665,6.6213,6600.0,0.0,1.0
2013-06-14,6.99,6.99,6.809,6.809,6.7644,3900.0,0.0,1.0
2013-06-17,7.49,8.0,6.934,7.03,6.9839,14900.0,0.0,1.0
2013-06-18,7.29,7.29,6.82,6.86,6.815,9300.0,0.0,1.0
2013-06-19,7.32,7.34,7.32,7.339,7.2909,1200.0,0.0,1.0
2013-06-20,7.3,7.3,6.81,6.86,6.815,6100.0,0.0,1.0
2013-06-21,6.9,6.954,6.9,6.95,6.9044,3700.0,0.0,1.0
2013-06-24,6.95,6.99,6.25,6.313,6.2716,8500.0,0.0,1.0
2013-06-25,6.0,6.889,6.0,6.17,6.1296,4200.0,0.0,1.0
2013-06-26,6.52,6.52,5.751,6.054,6.0143,4000.0,0.0,1.0
2013-06-27,6.2,6.2,6.0,6.0,5.9607,7800.0,0.0,1.0
2013-06-28,6.0,6.0,6.0,6.0,5.9607,0.0,0.0,1.0
2013-07-01,6.49,6.49,6.46,6.49,6.4475,500.0,0.0,1.0
2013-07-02,6.5,6.75,6.5,6.7,6.6561,5200.0,0.0,1.0
2013-07-03,7.0,7.0,6.99,7.0,6.9541,2000.0,0.0,1.0
2013-07-05,7.0,7.0,7.0,7.0,6.9541,0.0,0.0,1.0
2013-07-08,7.17,7.37,7.143,7.143,7.0962,3300.0,0.0,1.0
2013-07-09,7.48,7.89,7.15,7.51,7.4608,17100.0,0.0,1.0
2013-07-10,8.38,8.65,8.18,8.65,8.5933,62700.0,0.0,1.0
2013-07-11,8.5,9.0,7.9,8.55,8.494,43300.0,0.0,1.0
2013-07-12,8.56,8.81,8.5,8.51,8.4542,3300.0,0.0,1.0
2013-07-15,8.55,8.65,8.382,8.4,8.3449,10800.0,0.0,1.0
2013-07-16,7.25,7.7,7.25,7.65,7.5999,8400.0,0.0,1.0
2013-07-17,8.149,8.149,8.05,8.05,7.9972,1600.0,0.0,1.0
2013-07-18,7.98,7.98,7.98,7.98,7.9277,800.0,0.0,1.0
2013-07-19,7.98,7.98,7.98,7.98,7.9277,0.0,0.0,1.0
2013-07-22,7.83,7.83,7.76,7.78,7.729,400.0,0.0,1.0
2013-07-23,7.68,7.68,7.51,7.58,7.5303,8200.0,0.0,1.0
2013-07-24,7.58,7.58,7.55,7.55,7.5005,3000.0,0.0,1.0
2013-07-25,7.52,7.65,7.52,7.6,7.5502,6900.0,0.0,1.0
2013-07-26,7.53,7.53,7.53,7.53,7.4806,500.0,0.0,1.0
2013-07-29,7.51,7.51,7.21,7.33,7.282,2000.0,0.0,1.0
2013-07-30,7.38,7.51,7.38,7.5,7.4508,3300.0,0.0,1.0
2013-07-31,7.5,7.5,7.5,7.5,7.4508,0.0,0.0,1.0
2013-08-01,7.16,7.206,7.16,7.206,7.1588,400.0,0.0,1.0
2013-08-02,7.206,7.206,7.206,7.206,7.1588,0.0,0.0,1.0
2013-08-05,7.36,7.36,7.36,7.36,7.3118,100.0,0.0,1.0
2013-08-06,7.67,7.75,7.65,7.65,7.5999,2800.0,0.0,1.0
2013-08-07,7.96,8.0,7.47,7.551,7.5015,1700.0,0.0,1.0
2013-08-08,7.81,7.81,7.07,7.07,7.0237,300.0,0.0,1.0
2013-08-09,7.07,7.07,6.45,6.75,6.7058,3200.0,0.0,1.0
2013-08-12,6.85,6.85,6.83,6.85,6.8051,600.0,0.0,1.0
2013-08-13,7.03,7.04,7.03,7.04,6.9939,400.0,0.0,1.0
2013-08-14,7.04,7.04,7.04,7.04,6.9939,0.0,0.0,1.0
2013-08-15,7.04,7.1,7.04,7.1,7.0535,1700.0,0.0,1.0
2013-08-16,8.0,8.0,7.4,7.43,7.3813,4300.0,0.0,1.0
2013-08-19,7.36,7.38,7.36,7.36,7.3118,6700.0,0.0,1.0
2013-08-20,7.6,7.6,7.585,7.59,7.5402,1200.0,0.0,1.0
2013-08-21,7.35,7.37,7.14,7.15,7.1031,4100.0,0.0,1.0
2013-08-22,7.07,7.08,6.65,6.85,6.8051,3000.0,0.0,1.0
2013-08-23,7.06,7.1,6.7,6.8,6.7554,13600.0,0.0,1.0
2013-08-26,6.8,6.8,6.8,6.8,6.7554,0.0,0.0,1.0
2013-08-27,6.96,6.96,6.001,6.49,6.4475,1600.0,0.0,1.0
2013-08-28,6.34,6.41,6.34,6.41,6.368,800.0,0.0,1.0
2013-08-29,6.58,6.58,6.58,6.58,6.5369,200.0,0.0,1.0
2013-08-30,6.91,6.91,6.89,6.89,6.8448,700.0,0.0,1.0
2013-09-03,6.89,6.89,6.89,6.89,6.8448,0.0,0.0,1.0
2013-09-04,6.9,6.9,6.75,6.75,6.7058,1400.0,0.0,1.0
2013-09-05,6.89,6.89,6.51,6.74,6.6958,2000.0,0.0,1.0
2013-09-06,6.74,6.74,6.74,6.74,6.6958,0.0,0.0,1.0
2013-09-09,6.74,6.74,6.74,6.74,6.6958,800.0,0.0,1.0
2013-09-10,6.74,6.74,6.74,6.74,6.6958,0.0,0.0,1.0
2013-09-11,6.51,6.551,6.51,6.51,6.4673,4400.0,0.0,1.0
2013-09-12,6.51,6.79,6.51,6.79,6.7455,2800.0,0.0,1.0
2013-09-13,7.01,7.39,7.01,7.39,7.3416,3400.0,0.0,1.0
2013-09-16,7.38,7.56,7.38,7.52,7.4707,1200.0,0.0,1.0
2013-09-17,7.74,7.86,7.74,7.86,7.8085,2800.0,0.0,1.0
2013-09-18,7.81,7.99,7.77,7.77,7.7191,400.0,0.0,1.0
2013-09-19,7.77,7.77,7.77,7.77,7.7191,0.0,0.0,1.0
2013-09-20,7.6,7.6,7.57,7.57,7.5204,200.0,0.0,1.0
2013-09-23,7.5,7.5,7.35,7.35,7.3018,25800.0,0.0,1.0
2013-09-24,7.35,7.35,7.35,7.35,7.3018,0.0,0.0,1.0
2013-09-25,7.58,7.58,7.58,7.58,7.5303,200.0,0.0,1.0
2013-09-26,7.58,7.58,7.58,7.58,7.5303,0.0,0.0,1.0
2013-09-27,7.84,7.89,7.84,7.89,7.8383,1100.0,0.0,1.0
2013-09-30,7.89,7.89,7.89,7.89,7.8383,0.0,0.0,1.0
2013-10-01,7.89,7.89,7.89,7.89,7.8383,300.0,0.0,1.0
2013-10-02,7.89,7.89,7.89,7.89,7.8383,0.0,0.0,1.0
2013-10-03,7.89,7.89,7.89,7.89,7.8383,0.0,0.0,1.0
2013-10-04,7.89,7.89,7.89,7.89,7.8383,0.0,0.0,1.0
2013-10-07,7.7,7.7,7.7,7.7,7.6495,100.0,0.0,1.0
2013-10-08,7.7,7.7,7.7,7.7,7.6495,0.0,0.0,1.0
2013-10-09,7.47,7.5,7.47,7.5,7.4508,500.0,0.0,1.0
2013-10-10,7.65,7.65,7.65,7.65,7.5999,200.0,0.0,1.0
2013-10-11,7.65,7.65,7.65,7.65,7.5999,0.0,0.0,1.0
2013-10-14,7.8,7.866,7.75,7.866,7.8144,800.0,0.0,1.0
2013-10-15,8.0,8.16,8.0,8.16,8.1065,1900.0,0.0,1.0
2013-10-16,8.16,8.16,8.16,8.16,8.1065,0.0,0.0,1.0
2013-10-17,8.23,8.25,7.601,8.15,8.0966,10500.0,0.0,1.0
2013-10-18,8.57,8.57,7.94,8.01,7.9575,1000.0,0.0,1.0
2013-10-21,8.25,8.25,8.19,8.19,8.1363,12000.0,0.0,1.0
2013-10-22,8.31,8.31,7.5,7.5,7.4508,200.0,0.0,1.0
2013-10-23,8.08,8.09,8.08,8.09,8.037,200.0,0.0,1.0
2013-10-24,8.09,8.09,8.09,8.09,8.037,0.0,0.0,1.0
2013-10-25,8.15,8.15,7.99,7.992,7.9396,6500.0,0.0,1.0
2013-10-28,7.992,7.992,7.992,7.992,7.9396,0.0,0.0,1.0
2013-10-29,7.992,7.992,7.992,7.992,7.9396,0.0,0.0,1.0
2013-10-30,7.933,7.933,7.933,7.933,7.881,200.0,0.0,1.0
2013-10-31,7.933,7.933,7.933,7.933,7.881,0.0,0.0,1.0
2013-11-01,7.6,7.6,7.6,7.6,7.5502,400.0,0.0,1.0
2013-11-04,7.6,7.6,7.6,7.6,7.5502,0.0,0.0,1.0
2013-11-05,7.49,7.49,7.12,7.12,7.0733,500.0,0.0,1.0
2013-11-06,7.17,7.17,7.17,7.17,7.123,100.0,0.0,1.0
2013-11-07,7.17,7.17,7.17,7.17,7.123,0.0,0.0,1.0
2013-11-08,6.9,6.9,6.86,6.87,6.825,1500.0,0.0,1.0
2013-11-11,6.87,6.87,6.87,6.87,6.825,0.0,0.0,1.0
2013-11-12,6.87,6.87,6.87,6.87,6.825,0.0,0.0,1.0
2013-11-13,6.8,7.004,6.13,6.6,6.5567,2600.0,0.0,1.0
2013-11-14,6.45,6.45,5.31,5.66,5.6229,11200.0,0.0,1.0
2013-11-15,5.49,5.49,5.25,5.42,5.3845,5500.0,0.0,1.0
2013-11-18,5.28,5.41,5.28,5.36,5.3249,1800.0,0.0,1.0
2013-11-19,5.45,6.4,5.33,5.58,5.5434,2700.0,0.0,1.0
2013-11-20,5.49,5.74,5.29,5.42,5.3845,4200.0,0.0,1.0
2013-11-21,5.46,5.62,5.4,5.401,5.3656,4000.0,0.0,1.0
2013-11-22,5.4,5.44,5.2,5.3,5.2653,4900.0,0.0,1.0
2013-11-25,5.2,5.2,4.42,4.5,4.4705,5400.0,0.0,1.0
2013-11-26,5.2,5.37,5.18,5.36,5.3249,6300.0,0.0,1.0
2013-11-27,5.36,5.65,5.34,5.48,5.4441,8300.0,0.0,1.0
2013-11-29,5.39,5.52,5.34,5.34,5.305,2600.0,0.0,1.0
2013-12-02,5.53,5.54,5.44,5.45,5.4143,2600.0,0.0,1.0
2013-12-03,5.5,5.65,5.43,5.45,5.4143,5700.0,0.0,1.0
2013-12-04,5.45,5.46,5.27,5.27,5.2355,2700.0,0.0,1.0
2013-12-05,5.27,5.275,5.27,5.27,5.2355,800.0,0.0,1.0
2013-12-06,5.23,5.23,5.16,5.16,5.1262,1000.0,0.0,1.0
2013-12-09,5.12,5.12,4.75,4.75,4.7189,1200.0,0.0,1.0
2013-12-10,4.75,4.75,4.75,4.75,4.7189,0.0,0.0,1.0
2013-12-11,5.22,5.24,5.15,5.15,5.1162,1200.0,0.0,1.0
2013-12-12,5.22,5.22,5.21,5.211,5.1768,300.0,0.0,1.0
2013-12-13,5.35,5.35,4.89,5.21,5.1759,1700.0,0.0,1.0
2013-12-16,5.2,5.2,4.91,5.02,4.9871,2300.0,0.0,1.0
2013-12-17,4.91,5.03,4.7,4.72,4.6891,3300.0,0.0,1.0
2013-12-18,5.3,5.3,4.82,4.99,4.9573,4700.0,0.0,1.0
2013-12-19,4.7,4.86,4.7,4.85,4.8182,5100.0,0.0,1.0
2013-12-20,4.7,4.77,4.7,4.74,4.7089,1200.0,0.0,1.0
2013-12-23,4.77,4.77,4.7,4.7,4.6692,600.0,0.0,1.0
2013-12-24,4.7,4.7,4.66,4.66,4.6295,2300.0,0.0,1.0
2013-12-26,4.5,4.91,4.23,4.91,4.8778,5600.0,0.0,1.0
2013-12-27,4.84,5.21,4.67,5.0,4.9672,4600.0,0.0,1.0
2013-12-30,4.92,4.92,4.67,4.85,4.8182,1900.0,0.0,1.0
2013-12-31,4.58,5.5,4.58,5.32,5.2851,1500.0,0.0,1.0
2014-01-02,5.32,5.32,5.32,5.32,5.2851,0.0,0.0,1.0
2014-01-03,4.99,5.21,4.99,5.15,5.1162,2000.0,0.0,1.0
2014-01-06,5.0,5.5,4.98,5.0,4.9672,7200.0,0.0,1.0
2014-01-07,5.0,5.01,4.98,4.98,4.9474,3300.0,0.0,1.0
2014-01-08,5.04,5.05,5.04,5.05,5.0169,1500.0,0.0,1.0
2014-01-09,5.05,5.05,5.05,5.05,5.0169,0.0,0.0,1.0
2014-01-10,7.65,7.65,5.22,5.22,5.1858,600.0,0.0,1.0
2014-01-13,5.26,5.26,5.244,5.244,5.2096,1700.0,0.0,1.0
2014-01-14,5.244,5.244,5.244,5.244,5.2096,0.0,0.0,1.0
2014-01-15,5.244,5.244,5.244,5.244,5.2096,0.0,0.0,1.0
2014-01-16,5.244,5.244,5.244,5.244,5.2096,0.0,0.0,1.0
2014-01-17,5.0,5.0,5.0,5.0,4.9672,100.0,0.0,1.0
2014-01-21,4.99,4.99,4.99,4.99,4.9573,200.0,0.0,1.0
2014-01-22,5.0,5.0,5.0,5.0,4.9672,400.0,0.0,1.0
2014-01-23,5.11,5.15,5.09,5.09,5.0566,2200.0,0.0,1.0
2014-01-24,5.11,5.25,5.11,5.25,5.2156,300.0,0.0,1.0
2014-01-27,5.15,5.15,4.9,4.9,4.8679,500.0,0.0,1.0
2014-01-28,4.9,4.9,4.9,4.9,4.8679,0.0,0.0,1.0
2014-01-29,5.34,5.34,5.15,5.15,5.1162,400.0,0.0,1.0
2014-01-30,4.71,4.71,4.71,4.71,4.6791,500.0,0.0,1.0
2014-01-31,4.71,4.71,4.71,4.71,4.6791,0.0,0.0,1.0
2014-02-03,4.71,4.71,4.71,4.71,4.6791,0.0,0.0,1.0
2014-02-04,4.45,5.0,4.41,4.85,4.8182,4100.0,0.0,1.0
2014-02-05,4.49,4.65,4.36,4.38,4.3513,5100.0,0.0,1.0
2014-02-06,4.38,4.38,4.38,4.38,4.3513,0.0,0.0,1.0
2014-02-07,4.38,4.38,4.38,4.38,4.3513,0.0,0.0,1.0
2014-02-10,4.38,4.38,4.38,4.38,4.3513,0.0,0.0,1.0
2014-02-11,5.3,5.3,5.209,5.22,5.1858,1100.0,0.0,1.0
2014-02-12,5.23,5.8,5.22,5.31,5.2752,7200.0,0.0,1.0
2014-02-13,5.04,5.08,5.01,5.01,4.9772,2000.0,0.0,1.0
2014-02-14,5.3,5.3,4.99,4.99,4.9573,1100.0,0.0,1.0
2014-02-18,4.82,4.82,4.82,4.82,4.7884,400.0,0.0,1.0
2014-02-19,4.82,4.82,4.82,4.82,4.7884,0.0,0.0,1.0
2014-02-20,4.82,4.82,4.82,4.82,4.7884,0.0,0.0,1.0
2014-02-21,4.918,4.99,4.7,4.99,4.9573,1400.0,0.0,1.0
2014-02-24,4.92,4.92,4.7,4.7,4.6692,1800.0,0.0,1.0
2014-02-25,4.7,4.7,4.7,4.7,4.6692,0.0,0.0,1.0
2014-02-26,4.7,4.7,4.7,4.7,4.6692,0.0,0.0,1.0
2014-02-27,4.839,4.95,4.63,4.95,4.9176,4200.0,0.0,1.0
2014-02-28,4.75,4.96,4.7,4.9,4.8679,1300.0,0.0,1.0
2014-03-03,4.94,4.94,4.94,4.94,4.9076,900.0,0.0,1.0
2014-03-04,4.918,4.918,4.67,4.67,4.6394,1200.0,0.0,1.0
2014-03-05,4.63,4.9,4.6,4.74,4.7089,1900.0,0.0,1.0
2014-03-06,4.87,4.91,4.75,4.9,4.8679,4400.0,0.0,1.0
2014-03-07,4.9,6.25,4.89,5.82,5.7819,13300.0,0.0,1.0
2014-03-10,6.3,12.66,6.3,10.0,9.9345,105000.0,0.0,1.0
2014-03-11,10.0,11.38,9.0,9.2,9.1397,180500.0,0.0,1.0
2014-03-12,8.25,8.5,7.49,7.54,7.4906,174000.0,0.0,1.0
2014-03-13,7.87,7.9,7.2,7.22,7.1727,58400.0,0.0,1.0
2014-03-14,7.45,7.45,6.5,6.92,6.8746,32400.0,0.0,1.0
2014-03-17,7.27,7.38,6.8,6.8,6.7554,11600.0,0.0,1.0
2014-03-18,7.49,7.49,6.9,7.09,7.0435,28700.0,0.0,1.0
2014-03-19,7.0,7.04,6.52,6.69,6.6461,27700.0,0.0,1.0
2014-03-20,7.0,7.12,6.668,6.95,6.9044,20100.0,0.0,1.0
2014-03-21,7.0,7.13,6.76,6.78,6.7356,21300.0,0.0,1.0
2014-03-24,7.79,7.79,7.0,7.24,7.1925,38000.0,0.0,1.0
2014-03-25,7.7,7.7,7.24,7.24,7.1925,18700.0,0.0,1.0
2014-03-26,7.3,7.34,6.9,6.91,6.8647,6400.0,0.0,1.0
2014-03-27,7.387,7.387,6.5,6.53,6.4872,16700.0,0.0,1.0
2014-03-28,6.5,6.89,6.5,6.89,6.8448,3100.0,0.0,1.0
2014-03-31,6.765,6.8,6.51,6.56,6.517,13000.0,0.0,1.0
2014-04-01,6.56,6.98,5.9,6.21,6.1693,62100.0,0.0,1.0
2014-04-02,6.09,6.9,6.0,6.45,6.4077,13000.0,0.0,1.0
2014-04-03,6.59,6.59,6.25,6.36,6.3183,2700.0,0.0,1.0
2014-04-04,6.65,7.2,6.46,7.06,7.0137,24700.0,0.0,1.0
2014-04-07,8.8,9.0,8.35,8.45,8.3946,83400.0,0.0,1.0
2014-04-08,8.08,8.34,7.853,8.22,8.1661,18500.0,0.0,1.0
2014-04-09,9.46,9.65,8.551,9.5,9.4377,94200.0,0.0,1.0
2014-04-10,10.07,11.0,10.07,10.49,10.4212,113500.0,0.0,1.0
2014-04-11,10.71,11.588,10.55,11.48,11.4048,69000.0,0.0,1.0
2014-04-14,11.48,11.83,9.55,10.35,10.2822,98600.0,0.0,1.0
2014-04-15,10.0,10.15,9.66,10.15,10.0835,17300.0,0.0,1.0
2014-04-16,10.3,10.55,10.11,10.5,10.4312,9000.0,0.0,1.0
2014-04-17,10.03,10.03,9.221,9.54,9.4775,25300.0,0.0,1.0
2014-04-21,9.59,9.85,9.59,9.61,9.547,4000.0,0.0,1.0
2014-04-22,9.0,9.589,8.62,8.64,8.5834,11800.0,0.0,1.0
2014-04-23,8.65,9.2,8.65,9.2,9.1397,3700.0,0.0,1.0
2014-04-24,9.57,9.57,9.42,9.45,9.3881,1300.0,0.0,1.0
2014-04-25,9.9,9.9,8.79,8.999,8.94,8700.0,0.0,1.0
2014-04-28,8.72,9.08,8.72,8.72,8.6628,2600.0,0.0,1.0
2014-04-29,8.54,8.631,8.39,8.631,8.5744,1200.0,0.0,1.0
2014-04-30,9.9,10.519,9.9,10.32,10.2524,16500.0,0.0,1.0
2014-05-01,11.01,11.24,10.14,10.54,10.4709,1500.0,0.0,1.0
2014-05-02,10.94,10.99,9.66,10.14,10.0735,15600.0,0.0,1.0
2014-05-05,9.57,10.7,9.57,9.818,9.7536,4300.0,0.0,1.0
2014-05-06,9.51,10.15,9.51,10.15,10.0835,800.0,0.0,1.0
2014-05-07,9.64,9.76,9.5,9.5,9.4377,5300.0,0.0,1.0
2014-05-08,9.25,10.059,9.15,9.31,9.249,2000.0,0.0,1.0
2014-05-09,9.31,9.31,9.31,9.31,9.249,0.0,0.0,1.0
2014-05-12,8.86,8.86,7.783,8.28,8.2257,11800.0,0.0,1.0
2014-05-13,8.767,8.767,7.79,8.05,7.9972,5200.0,0.0,1.0
2014-05-14,7.91,8.7,7.91,8.29,8.2357,4100.0,0.0,1.0
2014-05-15,8.53,8.83,8.05,8.53,8.4741,10700.0,0.0,1.0
2014-05-16,8.28,8.3,7.82,7.87,7.8184,14800.0,0.0,1.0
2014-05-19,7.87,7.87,7.5,7.56,7.5104,24200.0,0.0,1.0
2014-05-20,7.82,7.82,7.81,7.81,7.7588,700.0,0.0,1.0
2014-05-21,8.67,8.67,7.97,8.11,8.0568,2100.0,0.0,1.0
2014-05-22,8.585,8.64,8.07,8.19,8.1363,8300.0,0.0,1.0
2014-05-23,8.5,8.68,8.275,8.275,8.2208,5400.0,0.0,1.0
2014-05-27,8.51,9.91,8.51,9.68,9.6166,13100.0,0.0,1.0
2014-05-28,9.7,9.8,9.7,9.8,9.7358,1500.0,0.0,1.0
2014-05-29,9.39,9.48,8.86,9.35,9.2887,4700.0,0.0,1.0
2014-05-30,8.95,8.95,8.95,8.95,8.8913,100.0,0.0,1.0
2014-06-02,8.45,8.69,8.44,8.59,8.5337,1700.0,0.0,1.0
2014-06-03,8.68,8.68,8.68,8.68,8.6231,100.0,0.0,1.0
2014-06-04,8.72,8.8,8.72,8.8,8.7423,700.0,0.0,1.0
2014-06-05,9.55,9.81,9.16,9.5,9.4377,4500.0,0.0,1.0
2014-06-06,9.97,10.17,9.96,9.99,9.9245,6200.0,0.0,1.0
2014-06-09,10.17,10.9,10.17,10.5,10.4312,6200.0,0.0,1.0
2014-06-10,10.273,10.273,10.273,10.273,10.2057,500.0,0.0,1.0
2014-06-11,11.1,11.879,11.1,11.4,11.3253,9900.0,0.0,1.0
2014-06-12,12.0,12.47,11.95,12.12,12.0406,12200.0,0.0,1.0
2014-06-13,11.89,12.11,11.89,12.11,12.0306,4900.0,0.0,1.0
2014-06-16,12.8,13.82,12.8,13.79,13.6996,12800.0,0.0,1.0
2014-06-17,13.52,14.0,13.52,13.98,13.8884,10900.0,0.0,1.0
2014-06-18,14.41,15.869,14.41,15.49,15.3885,5600.0,0.0,1.0
2014-06-19,15.39,15.39,13.98,14.03,13.938,37000.0,0.0,1.0
2014-06-20,14.09,14.09,13.13,13.13,13.0439,7500.0,0.0,1.0
2014-06-23,13.2,13.94,12.88,13.32,13.2327,4600.0,0.0,1.0
2014-06-24,14.2,15.411,14.2,14.83,14.7328,33800.0,0.0,1.0
2014-06-25,15.42,15.5,15.12,15.19,15.0904,4100.0,0.0,1.0
2014-06-26,14.88,15.33,14.3,14.73,14.6334,8500.0,0.0,1.0
2014-06-27,14.13,14.79,13.54,13.7,13.6102,11000.0,0.0,1.0
2014-06-30,15.39,15.39,14.02,14.61,14.5142,2500.0,0.0,1.0
2014-07-01,15.49,15.49,14.3,14.511,14.4159,10000.0,0.0,1.0
2014-07-02,14.33,14.63,14.23,14.26,14.1665,8000.0,0.0,1.0
2014-07-03,14.11,14.21,14.11,14.21,14.1169,1100.0,0.0,1.0
2014-07-07,14.17,15.7,14.17,15.66,15.5574,15900.0,0.0,1.0
2014-07-08,15.51,17.0,15.05,16.35,16.2428,11400.0,0.0,1.0
2014-07-09,15.49,15.49,14.179,14.47,14.3752,5800.0,0.0,1.0
2014-07-10,14.83,14.83,14.11,14.11,14.0175,3100.0,0.0,1.0
2014-07-11,14.91,15.0,14.83,14.97,14.8719,1700.0,0.0,1.0
2014-07-14,15.9,16.48,15.9,16.48,16.372,4700.0,0.0,1.0
2014-07-15,16.79,17.19,16.65,17.14,17.0277,18300.0,0.0,1.0
2014-07-16,18.43,33.5,18.43,20.2,20.0676,72400.0,0.0,1.0
2014-07-17,22.91,24.7,21.062,24.0,23.8427,36900.0,0.0,1.0
2014-07-18,24.0,24.0,21.522,23.12,22.9685,29400.0,0.0,1.0
2014-07-21,23.3,23.3,21.98,22.25,22.1042,11100.0,0.0,1.0
2014-07-22,21.74,22.63,21.5,22.23,22.0843,5000.0,0.0,1.0
2014-07-23,22.16,22.16,20.06,20.17,20.0378,18000.0,0.0,1.0
2014-07-24,20.5,22.216,20.5,22.01,21.8657,14500.0,0.0,1.0
2014-07-25,21.48,23.61,21.48,23.19,23.038,2500.0,0.0,1.0
2014-07-28,23.0,24.09,22.003,23.2,23.0479,23900.0,0.0,1.0
2014-07-29,24.061,24.061,23.216,23.39,23.2367,4700.0,0.0,1.0
2014-07-30,23.15,23.96,23.15,23.92,23.7632,3100.0,0.0,1.0
2014-07-31,23.7,23.7,21.61,21.61,21.4684,23800.0,0.0,1.0
2014-08-01,23.21,23.21,21.1,21.35,21.2101,3500.0,0.0,1.0
2014-08-04,21.98,22.94,21.98,22.91,22.7598,7300.0,0.0,1.0
2014-08-05,22.01,22.01,20.51,20.754,20.618,4400.0,0.0,1.0
2014-08-06,21.4,21.4,20.01,21.08,20.9418,13900.0,0.0,1.0
2014-08-07,24.09,24.09,19.503,19.58,19.4517,4200.0,0.0,1.0
2014-08-08,19.32,19.67,19.17,19.5,19.3722,4400.0,0.0,1.0
2014-08-11,19.8,30.08,19.8,23.5,23.346,46000.0,0.0,1.0
2014-08-12,23.0,23.0,19.91,19.97,19.8391,29900.0,0.0,1.0
2014-08-13,20.84,21.3,20.22,21.0,20.8624,6300.0,0.0,1.0
2014-08-14,20.12,20.3,19.94,20.01,19.8788,8600.0,0.0,1.0
2014-08-15,21.95,23.506,21.9,23.33,23.1771,22900.0,0.0,1.0
2014-08-18,23.35,23.35,22.4,22.6,22.4519,15600.0,0.0,1.0
2014-08-19,22.91,25.09,22.91,24.44,24.2798,15700.0,0.0,1.0
2014-08-20,25.0,25.0,24.06,24.19,24.0314,4200.0,0.0,1.0
2014-08-21,24.65,24.65,23.26,23.571,23.4165,8000.0,0.0,1.0
2014-08-22,24.6,25.0,22.9,23.11,22.9585,25500.0,0.0,1.0
2014-08-25,23.09,25.03,23.09,24.48,24.3195,15100.0,0.0,1.0
2014-08-26,24.99,25.94,24.99,25.35,25.1838,38400.0,0.0,1.0
2014-08-27,25.35,25.35,24.54,25.13,24.9653,6000.0,0.0,1.0
2014-08-28,25.0,25.0,22.64,22.64,22.4916,47200.0,0.0,1.0
2014-08-29,21.98,21.98,20.1,20.5,20.3656,25200.0,0.0,1.0
2014-09-02,20.4,20.55,20.01,20.48,20.3458,14800.0,0.0,1.0
2014-09-03,19.51,19.51,18.6,18.705,18.5824,33800.0,0.0,1.0
2014-09-04,18.41,18.41,17.5,17.5,17.3853,29400.0,0.0,1.0
2014-09-05,17.36,17.9,17.08,17.53,17.4151,5600.0,0.0,1.0
2014-09-08,17.9,18.59,17.35,17.89,17.7727,6500.0,0.0,1.0
2014-09-09,17.0,17.24,16.36,16.36,16.2528,9600.0,0.0,1.0
2014-09-10,16.02,16.13,15.23,15.24,15.1401,11200.0,0.0,1.0
2014-09-11,15.37,16.09,15.37,16.05,15.9448,3500.0,0.0,1.0
2014-09-12,16.0,16.03,15.4,15.83,15.7262,4800.0,0.0,1.0
2014-09-15,15.26,15.621,15.22,15.22,15.1202,6900.0,0.0,1.0
2014-09-16,15.24,15.98,15.24,15.5,15.3984,5600.0,0.0,1.0
2014-09-17,15.88,16.45,15.88,16.45,16.3422,5800.0,0.0,1.0
2014-09-18,16.02,16.02,14.95,15.35,15.2494,32000.0,0.0,1.0
2014-09-19,15.24,15.43,14.9,15.02,14.9215,10100.0,0.0,1.0
2014-09-22,15.25,15.6,15.115,15.35,15.2494,14700.0,0.0,1.0
2014-09-23,15.44,15.65,15.26,15.26,15.16,6700.0,0.0,1.0
2014-09-24,15.33,15.96,15.33,15.58,15.4779,6100.0,0.0,1.0
2014-09-25,15.59,15.77,15.04,15.77,15.6666,10500.0,0.0,1.0
2014-09-26,15.75,17.19,15.75,15.92,15.8156,8300.0,0.0,1.0
2014-09-29,15.82,16.32,15.69,15.74,15.6368,6600.0,0.0,1.0
2014-09-30,15.42,15.6,14.98,15.14,15.0408,7600.0,0.0,1.0
2014-10-01,14.79,14.79,13.95,13.99,13.8983,14800.0,0.0,1.0
2014-10-02,13.73,13.76,13.63,13.71,13.6201,3700.0,0.0,1.0
2014-10-03,14.25,14.3,14.24,14.29,14.1963,3400.0,0.0,1.0
2014-10-06,14.5,14.62,14.32,14.431,14.3364,3800.0,0.0,1.0
2014-10-07,14.14,14.14,13.43,13.45,13.3618,4700.0,0.0,1.0
2014-10-08,13.61,13.67,13.16,13.341,13.2536,7300.0,0.0,1.0
2014-10-09,13.02,13.02,12.12,12.2,12.12,12100.0,0.0,1.0
2014-10-10,12.25,12.451,12.24,12.27,12.1896,5800.0,0.0,1.0
2014-10-13,12.27,12.307,12.24,12.25,12.1697,5200.0,0.0,1.0
2014-10-14,12.29,12.29,12.25,12.25,12.1697,600.0,0.0,1.0
2014-10-15,12.35,12.81,12.26,12.73,12.6466,8900.0,0.0,1.0
2014-10-16,12.31,14.336,12.31,14.336,14.242,1500.0,0.0,1.0
2014-10-17,12.25,12.86,12.13,12.27,12.1896,10900.0,0.0,1.0
2014-10-20,13.0,13.01,12.36,12.78,12.6962,7700.0,0.0,1.0
2014-10-21,13.3,13.938,13.3,13.938,13.8466,1600.0,0.0,1.0
2014-10-22,14.23,17.025,14.23,17.025,16.9134,11500.0,0.0,1.0
2014-10-23,22.77,22.77,15.15,15.84,15.7362,9500.0,0.0,1.0
2014-10-24,15.79,16.65,15.55,16.65,16.5409,1200.0,0.0,1.0
2014-10-27,15.25,15.25,14.93,15.05,14.9514,1800.0,0.0,1.0
2014-10-28,14.94,14.94,14.94,14.94,14.8421,200.0,0.0,1.0
2014-10-29,14.6,14.6,14.6,14.6,14.5043,400.0,0.0,1.0
2014-10-30,14.27,14.4,13.66,13.66,13.5705,5500.0,0.0,1.0
2014-10-31,14.09,14.09,13.6,13.6,13.5109,1900.0,0.0,1.0
2014-11-03,13.48,13.48,13.31,13.31,13.2228,1800.0,0.0,1.0
2014-11-04,13.0,13.018,12.91,13.018,12.9327,2200.0,0.0,1.0
2014-11-05,13.95,14.88,13.95,14.88,14.7825,1000.0,0.0,1.0
2014-11-06,14.88,14.88,14.88,14.88,14.7825,0.0,0.0,1.0
2014-11-07,14.65,14.68,14.39,14.66,14.5639,5800.0,0.0,1.0
2014-11-10,14.66,14.66,14.66,14.66,14.5639,0.0,0.0,1.0
2014-11-11,14.4,14.4,14.29,14.29,14.1963,1100.0,0.0,1.0
2014-11-12,13.995,14.1,13.86,13.901,13.8099,7500.0,0.0,1.0
2014-11-13,13.8,13.8,12.863,13.38,13.2923,2000.0,0.0,1.0
2014-11-14,14.08,14.1,13.8,13.83,13.7393,3600.0,0.0,1.0
2014-11-17,13.6,13.8,13.541,13.541,13.4522,4300.0,0.0,1.0
2014-11-18,13.541,13.541,13.541,13.541,13.4522,0.0,0.0,1.0
2014-11-19,13.541,13.541,13.541,13.541,13.4522,0.0,0.0,1.0
2014-11-20,13.49,13.5,12.57,13.001,12.9158,2400.0,0.0,1.0
2014-11-21,12.75,13.96,12.75,13.96,13.8685,400.0,0.0,1.0
2014-11-24,13.5,13.5,13.39,13.5,13.4115,600.0,0.0,1.0
2014-11-25,12.79,12.79,12.76,12.76,12.6764,1000.0,0.0,1.0
2014-11-26,13.66,13.66,12.81,12.81,12.726,1100.0,0.0,1.0
2014-11-28,13.42,13.42,13.42,13.42,13.332,200.0,0.0,1.0
2014-12-01,13.31,13.31,12.94,12.97,12.885,4400.0,0.0,1.0
2014-12-02,12.97,12.97,12.97,12.97,12.885,0.0,0.0,1.0
2014-12-03,12.75,12.8,12.62,12.68,12.5969,7700.0,0.0,1.0
2014-12-04,12.63,12.63,12.63,12.63,12.5472,400.0,0.0,1.0
2014-12-05,12.63,12.63,12.63,12.63,12.5472,0.0,0.0,1.0
2014-12-08,11.56,11.56,11.36,11.36,11.2855,700.0,0.0,1.0
2014-12-09,11.1,11.36,11.02,11.03,10.9577,2500.0,0.0,1.0
2014-12-10,11.03,11.03,11.03,11.03,10.9577,0.0,0.0,1.0
2014-12-11,10.0,11.5,10.0,11.4,11.3253,2500.0,0.0,1.0
2014-12-12,11.01,11.04,10.07,10.89,10.8186,4400.0,0.0,1.0
2014-12-15,10.8,10.8,10.6,10.6,10.5305,12100.0,0.0,1.0
2014-12-16,11.594,11.594,11.594,11.594,11.518,100.0,0.0,1.0
2014-12-17,11.6,11.6,10.3,10.3,10.2325,5200.0,0.0,1.0
2014-12-18,11.45,11.9,11.11,11.45,11.3749,16800.0,0.0,1.0
2014-12-19,12.12,14.0,12.12,13.9,13.8089,5900.0,0.0,1.0
2014-12-22,14.96,15.0,13.51,13.52,13.4314,5700.0,0.0,1.0
2014-12-23,13.52,13.52,13.52,13.52,13.4314,0.0,0.0,1.0
2014-12-24,12.2,12.2,12.2,12.2,12.12,0.0,0.0,1.0
2014-12-26,12.85,13.16,12.85,13.06,12.9744,1600.0,0.0,1.0
2014-12-29,13.24,13.45,13.2,13.44,13.3519,2100.0,0.0,1.0
2014-12-30,13.44,13.44,13.44,13.44,13.3519,0.0,0.0,1.0
2014-12-31,13.44,13.44,13.44,13.44,13.3519,0.0,0.0,1.0
2015-01-02,13.44,13.44,13.44,13.44,13.3519,0.0,0.0,1.0
2015-01-05,13.75,16.369,13.75,15.65,15.5474,7700.0,0.0,1.0
2015-01-06,16.0,16.31,15.84,15.84,15.7362,3400.0,0.0,1.0
2015-01-07,17.0,17.928,17.0,17.01,16.8985,5800.0,0.0,1.0
2015-01-08,17.1,17.24,17.1,17.24,17.127,1500.0,0.0,1.0
2015-01-09,17.45,17.5,17.45,17.5,17.3853,1400.0,0.0,1.0
2015-01-12,17.5,17.64,17.5,17.64,17.5244,1000.0,0.0,1.0
2015-01-13,17.64,17.64,17.013,17.013,16.9015,800.0,0.0,1.0
2015-01-14,16.5,16.5,15.55,15.55,15.4481,1300.0,0.0,1.0
2015-01-15,15.24,15.39,15.22,15.29,15.1898,1200.0,0.0,1.0
2015-01-16,15.58,15.75,15.3,15.32,15.2196,2900.0,0.0,1.0
2015-01-20,15.81,16.13,15.8,15.83,15.7262,2500.0,0.0,1.0
2015-01-21,15.75,15.87,15.46,15.5,15.3984,1100.0,0.0,1.0
2015-01-22,15.5,15.5,15.5,15.5,15.3984,0.0,0.0,1.0
2015-01-23,17.01,17.4,16.9,17.0,16.8886,3300.0,0.0,1.0
2015-01-26,17.25,17.25,16.56,17.19,17.0773,2700.0,0.0,1.0
2015-01-27,17.0,17.0,17.0,17.0,16.8886,200.0,0.0,1.0
2015-01-28,18.7,18.7,16.948,17.0,16.8886,1300.0,0.0,1.0
2015-01-29,22.0,22.0,14.088,16.79,16.6799,6300.0,0.0,1.0
2015-01-30,16.36,16.36,16.1,16.1,15.9945,300.0,0.0,1.0
2015-02-02,18.88,19.22,18.27,19.22,19.094,1700.0,0.0,1.0
2015-02-03,17.84,17.855,17.84,17.855,17.738,500.0,0.0,1.0
2015-02-04,18.236,18.236,18.236,18.236,18.1165,200.0,0.0,1.0
2015-02-05,19.5,19.51,19.5,19.51,19.3821,200.0,0.0,1.0
2015-02-06,19.65,19.65,19.65,19.65,19.5212,400.0,0.0,1.0
2015-02-09,20.0,20.1,17.89,17.89,17.7727,4400.0,0.0,1.0
2015-02-10,19.9,19.9,19.9,19.9,19.7696,400.0,0.0,1.0
2015-02-11,19.49,19.49,19.49,19.49,19.3622,200.0,0.0,1.0
2015-02-12,20.1,20.891,20.1,20.891,20.7541,5900.0,0.0,1.0
2015-02-13,20.891,20.891,20.891,20.891,20.7541,0.0,0.0,1.0
2015-02-17,18.14,19.05,18.14,18.91,18.7861,3900.0,0.0,1.0
2015-02-18,18.78,19.15,18.78,19.15,19.0245,600.0,0.0,1.0
2015-02-19,18.97,18.97,18.97,18.97,18.8457,200.0,0.0,1.0
2015-02-20,18.97,18.97,18.97,18.97,18.8457,0.0,0.0,1.0
2015-02-23,17.439,17.47,17.439,17.47,17.3555,600.0,0.0,1.0
2015-02-24,17.47,17.47,17.47,17.47,17.3555,0.0,0.0,1.0
2015-02-25,18.944,18.944,18.944,18.944,18.8198,100.0,0.0,1.0
2015-02-26,16.31,17.46,16.31,17.46,17.3456,200.0,0.0,1.0
2015-02-27,16.69,16.69,16.69,16.69,16.5806,100.0,0.0,1.0
2015-03-02,16.69,16.69,16.69,16.69,16.5806,0.0,0.0,1.0
2015-03-03,17.01,17.01,17.01,17.01,16.8985,100.0,0.0,1.0
2015-03-04,17.45,17.542,17.45,17.462,17.3475,900.0,0.0,1.0
2015-03-05,16.75,16.81,16.75,16.8,16.6899,1700.0,0.0,1.0
2015-03-06,16.9,16.9,16.9,16.9,16.7892,200.0,0.0,1.0
2015-03-09,16.76,16.76,16.05,16.1,15.9945,1200.0,0.0,1.0
2015-03-10,16.1,16.1,16.1,16.1,15.9945,0.0,0.0,1.0
2015-03-11,16.1,16.1,16.1,16.1,15.9945,0.0,0.0,1.0
2015-03-12,16.65,16.65,16.49,16.49,16.3819,600.0,0.0,1.0
2015-03-13,16.81,17.0,16.8,17.0,16.8886,2900.0,0.0,1.0
2015-03-16,18.06,18.09,16.7,16.81,16.6998,1000.0,0.0,1.0
2015-03-17,16.81,16.81,16.81,16.81,16.6998,0.0,0.0,1.0
2015-03-18,17.182,17.182,17.182,17.182,17.0694,200.0,0.0,1.0
2015-03-19,17.182,17.182,17.182,17.182,17.0694,0.0,0.0,1.0
2015-03-20,16.357,16.85,16.357,16.85,16.7396,600.0,0.0,1.0
2015-03-23,16.85,16.85,16.85,16.85,16.7396,0.0,0.0,1.0
2015-03-24,16.031,16.06,15.8,16.06,15.9547,1500.0,0.0,1.0
2015-03-25,16.06,16.06,16.06,16.06,15.9547,0.0,0.0,1.0
2015-03-26,15.5,16.0,15.5,16.0,15.9431,1700.0,0.0483,1.0
2015-03-27,16.0,16.0,16.0,16.0,15.9431,0.0,0.0,1.0
2015-03-30,16.0,16.0,16.0,16.0,15.9431,0.0,0.0,1.0
2015-03-31,15.09,15.09,15.09,15.09,15.0363,200.0,0.0,1.0
2015-04-01,15.12,15.12,15.12,15.12,15.0662,300.0,0.0,1.0
2015-04-02,14.9,15.21,14.9,15.21,15.1559,500.0,0.0,1.0
2015-04-06,15.21,15.21,15.21,15.21,15.1559,0.0,0.0,1.0
2015-04-07,15.21,15.21,15.21,15.21,15.1559,0.0,0.0,1.0
2015-04-08,15.21,15.21,15.21,15.21,15.1559,0.0,0.0,1.0
2015-04-09,16.01,16.01,16.01,16.01,15.9531,200.0,0.0,1.0
2015-04-10,17.03,17.03,17.007,17.007,16.9465,600.0,0.0,1.0
2015-04-13,17.007,17.007,17.007,17.007,16.9465,0.0,0.0,1.0
2015-04-14,17.449,17.449,17.44,17.44,17.378,300.0,0.0,1.0
2015-04-15,17.04,17.04,16.741,16.741,16.6815,200.0,0.0,1.0
2015-04-16,17.03,17.03,17.03,17.03,16.9695,200.0,0.0,1.0
2015-04-17,17.09,17.48,17.09,17.363,17.3013,300.0,0.0,1.0
2015-04-20,17.363,17.363,17.363,17.363,17.3013,0.0,0.0,1.0
2015-04-21,17.363,17.363,17.363,17.363,17.3013,0.0,0.0,1.0
2015-04-22,16.17,16.31,16.14,16.31,16.252,400.0,0.0,1.0
2015-04-23,16.31,16.31,16.31,16.31,16.252,0.0,0.0,1.0
2015-04-24,16.31,16.31,16.31,16.31,16.252,0.0,0.0,1.0
2015-04-27,16.45,16.45,16.31,16.31,16.252,600.0,0.0,1.0
2015-04-28,16.31,16.31,16.31,16.31,16.252,0.0,0.0,1.0
2015-04-29,16.31,16.31,16.31,16.31,16.252,0.0,0.0,1.0
2015-04-30,16.0,16.0,16.0,16.0,15.9431,700.0,0.0,1.0
2015-05-01,16.0,16.0,16.0,16.0,15.9431,0.0,0.0,1.0
2015-05-04,15.52,15.52,15.52,15.52,15.4648,400.0,0.0,1.0
2015-05-05,15.52,15.52,15.52,15.52,15.4648,0.0,0.0,1.0
2015-05-06,20.0,20.0,15.11,15.4,15.3452,1400.0,0.0,1.0
2015-05-07,15.73,15.88,15.73,15.86,15.8036,1100.0,0.0,1.0
2015-05-08,15.86,15.86,15.86,15.86,15.8036,0.0,0.0,1.0
2015-05-11,15.86,15.86,15.86,15.86,15.8036,0.0,0.0,1.0
2015-05-12,15.86,15.86,15.86,15.86,15.8036,0.0,0.0,1.0
2015-05-13,15.86,15.86,15.86,15.86,15.8036,0.0,0.0,1.0
2015-05-14,15.712,15.712,15.712,15.712,15.6561,500.0,0.0,1.0
2015-05-15,15.712,15.712,15.712,15.712,15.6561,0.0,0.0,1.0
2015-05-18,15.712,15.712,15.712,15.712,15.6561,0.0,0.0,1.0
2015-05-19,15.23,15.53,15.23,15.53,15.4748,500.0,0.0,1.0
2015-05-20,15.53,15.53,15.53,15.53,15.4748,0.0,0.0,1.0
2015-05-21,15.25,15.25,15.21,15.21,15.1559,200.0,0.0,1.0
2015-05-22,15.19,15.19,15.19,15.19,15.136,200.0,0.0,1.0
2015-05-26,15.19,15.19,15.19,15.19,15.136,0.0,0.0,1.0
2015-05-27,15.19,15.19,15.19,15.19,15.136,0.0,0.0,1.0
2015-05-28,15.19,15.19,15.19,15.19,15.136,0.0,0.0,1.0
2015-05-29,15.19,15.19,15.19,15.19,15.136,0.0,0.0,1.0
2015-06-01,14.881,14.881,14.88,14.88,14.8271,800.0,0.0,1.0
2015-06-02,14.93,14.978,14.93,14.978,14.9247,300.0,0.0,1.0
2015-06-03,15.052,15.052,14.921,14.921,14.8679,2400.0,0.0,1.0
2015-06-04,14.921,14.921,14.921,14.921,14.8679,0.0,0.0,1.0
2015-06-05,14.6,14.642,14.6,14.61,14.5581,1700.0,0.0,1.0
2015-06-08,14.61,14.61,14.61,14.61,14.5581,0.0,0.0,1.0
2015-06-09,14.61,14.61,14.61,14.61,14.5581,0.0,0.0,1.0
2015-06-10,14.61,14.61,14.61,14.61,14.5581,0.0,0.0,1.0
2015-06-11,15.35,15.35,15.32,15.32,15.2655,500.0,0.0,1.0
2015-06-12,15.32,15.32,15.32,15.32,15.2655,0.0,0.0,1.0
2015-06-15,15.32,15.32,15.32,15.32,15.2655,200.0,0.0,1.0
2015-06-16,15.32,15.32,15.32,15.32,15.2655,0.0,0.0,1.0
2015-06-17,15.32,15.32,15.32,15.32,15.2655,0.0,0.0,1.0
2015-06-18,15.78,15.78,15.78,15.78,15.7239,600.0,0.0,1.0
2015-06-19,15.14,15.19,15.14,15.19,15.136,400.0,0.0,1.0
2015-06-22,15.85,16.3,15.85,16.3,16.242,2100.0,0.0,1.0
2015-06-23,16.3,16.3,16.3,16.3,16.242,0.0,0.0,1.0
2015-06-24,16.27,16.27,16.23,16.23,16.1723,800.0,0.0,1.0
2015-06-25,16.22,16.22,16.2,16.2,16.1424,1000.0,0.0,1.0
2015-06-26,16.2,16.2,16.2,16.2,16.1424,0.0,0.0,1.0
2015-06-29,15.34,15.34,15.21,15.21,15.1559,1100.0,0.0,1.0
2015-06-30,15.21,15.21,15.21,15.21,15.1559,0.0,0.0,1.0
2015-07-01,15.26,15.26,15.26,15.26,15.2057,500.0,0.0,1.0
2015-07-02,15.26,15.26,15.26,15.26,15.2057,0.0,0.0,1.0
2015-07-06,14.88,14.88,13.26,14.72,14.6677,4100.0,0.0,1.0
2015-07-07,15.01,15.02,14.94,14.94,14.8869,2800.0,0.0,1.0
2015-07-08,14.469,14.469,14.469,14.469,14.4176,100.0,0.0,1.0
2015-07-09,14.469,14.469,14.469,14.469,14.4176,0.0,0.0,1.0
2015-07-10,13.08,13.08,13.08,13.08,13.0335,100.0,0.0,1.0
2015-07-13,13.13,13.59,13.13,13.58,13.5317,800.0,0.0,1.0
2015-07-14,13.58,13.58,13.58,13.58,13.5317,0.0,0.0,1.0
2015-07-15,13.58,13.58,13.58,13.58,13.5317,0.0,0.0,1.0
2015-07-16,13.58,13.58,13.58,13.58,13.5317,0.0,0.0,1.0
2015-07-17,13.58,13.58,13.58,13.58,13.5317,0.0,0.0,1.0
2015-07-20,13.91,13.92,13.91,13.92,13.8705,500.0,0.0,1.0
2015-07-21,13.92,13.92,13.92,13.92,13.8705,0.0,0.0,1.0
2015-07-22,13.92,13.92,13.92,13.92,13.8705,0.0,0.0,1.0
2015-07-23,13.92,13.92,13.92,13.92,13.8705,0.0,0.0,1.0
2015-07-24,20.0,20.0,14.44,14.44,14.3887,1100.0,0.0,1.0
2015-07-27,14.14,14.42,14.13,14.308,14.2571,2400.0,0.0,1.0
2015-07-28,14.308,14.308,14.308,14.308,14.2571,0.0,0.0,1.0
2015-07-29,14.12,14.12,14.12,14.12,14.0698,100.0,0.0,1.0
2015-07-30,14.12,14.12,14.12,14.12,14.0698,0.0,0.0,1.0
2015-07-31,14.12,14.12,14.12,14.12,14.0698,0.0,0.0,1.0
2015-08-03,13.6,13.6,13.6,13.6,13.5516,100.0,0.0,1.0
2015-08-04,13.6,13.6,13.6,13.6,13.5516,0.0,0.0,1.0
2015-08-05,13.55,13.55,13.55,13.55,13.5018,300.0,0.0,1.0
2015-08-06,13.55,13.55,13.55,13.55,13.5018,0.0,0.0,1.0
2015-08-07,13.23,13.23,13.23,13.23,13.183,2200.0,0.0,1.0
2015-08-10,13.23,13.23,13.23,13.23,13.183,0.0,0.0,1.0
2015-08-11,12.98,12.98,12.725,12.81,12.7645,2100.0,0.0,1.0
2015-08-12,12.81,12.81,12.81,12.81,12.7645,0.0,0.0,1.0
2015-08-13,12.81,12.81,12.81,12.81,12.7645,0.0,0.0,1.0
2015-08-14,12.81,12.81,12.81,12.81,12.7645,0.0,0.0,1.0
2015-08-17,12.742,12.77,12.692,12.77,12.7246,400.0,0.0,1.0
2015-08-18,12.77,12.77,12.77,12.77,12.7246,0.0,0.0,1.0
2015-08-19,12.77,12.77,12.77,12.77,12.7246,0.0,0.0,1.0
2015-08-20,13.11,13.11,13.11,13.11,13.0634,300.0,0.0,1.0
2015-08-21,12.43,12.43,12.38,12.38,12.336,1900.0,0.0,1.0
2015-08-24,12.38,12.38,12.38,12.38,12.336,0.0,0.0,1.0
2015-08-25,10.04,10.9,10.03,10.635,10.5972,14300.0,0.0,1.0
2015-08-26,11.36,11.5,11.0,11.5,11.4591,4700.0,0.0,1.0
2015-08-27,12.45,12.94,12.4,12.94,12.894,4900.0,0.0,1.0
2015-08-28,12.94,12.94,12.94,12.94,12.894,0.0,0.0,1.0
2015-08-31,11.8,11.8,11.8,11.8,11.758,200.0,0.0,1.0
2015-09-01,11.8,11.8,11.8,11.8,11.758,0.0,0.0,1.0
2015-09-02,12.16,12.16,12.05,12.05,12.0072,2300.0,0.0,1.0
2015-09-03,11.06,11.06,11.06,11.06,11.0207,700.0,0.0,1.0
2015-09-04,11.06,11.06,11.06,11.06,11.0207,0.0,0.0,1.0
2015-09-08,10.352,10.48,10.352,10.48,10.4427,300.0,0.0,1.0
2015-09-09,10.48,10.48,10.48,10.48,10.4427,0.0,0.0,1.0
2015-09-10,10.48,10.48,10.48,10.48,10.4427,0.0,0.0,1.0
2015-09-11,10.48,10.48,10.48,10.48,10.4427,0.0,0.0,1.0
2015-09-14,10.48,10.48,10.48,10.48,10.4427,0.0,0.0,1.0
2015-09-15,10.48,10.48,10.48,10.48,10.4427,0.0,0.0,1.0
2015-09-16,10.48,10.48,10.48,10.48,10.4427,0.0,0.0,1.0
2015-09-17,10.48,10.48,10.48,10.48,10.4427,0.0,0.0,1.0
2015-09-18,10.48,10.48,10.48,10.48,10.4427,0.0,0.0,1.0
2015-09-21,10.48,10.48,10.48,10.48,10.4427,0.0,0.0,1.0
2015-09-22,10.48,10.48,10.48,10.48,10.4427,0.0,0.0,1.0
2015-09-23,10.48,10.48,10.48,10.48,10.4427,0.0,0.0,1.0
2015-09-24,10.48,10.48,10.48,10.48,10.4427,0.0,0.0,1.0
2015-09-25,10.48,10.48,10.48,10.48,10.4427,0.0,0.0,1.0
2015-09-28,11.77,11.77,11.691,11.708,11.6664,400.0,0.0,1.0
2015-09-29,11.708,11.708,11.708,11.708,11.6664,0.0,0.0,1.0
2015-09-30,11.0,11.0,11.0,11.0,10.9609,100.0,0.0,1.0
2015-10-01,11.0,11.0,11.0,11.0,10.9609,0.0,0.0,1.0
2015-10-02,11.0,11.0,11.0,11.0,10.9609,0.0,0.0,1.0
2015-10-05,11.0,11.0,11.0,11.0,10.9609,0.0,0.0,1.0
2015-10-06,11.91,11.91,11.9,11.91,11.8677,2000.0,0.0,1.0
2015-10-07,14.75,14.75,13.56,13.59,13.5417,900.0,0.0,1.0
2015-10-08,13.4,13.51,13.35,13.5,13.452,13600.0,0.0,1.0
2015-10-09,13.5,13.5,13.5,13.5,13.452,0.0,0.0,1.0
2015-10-12,13.5,13.5,13.5,13.5,13.452,0.0,0.0,1.0
2015-10-13,13.54,13.54,13.5,13.5,13.452,1300.0,0.0,1.0
2015-10-14,13.8,13.8,13.68,13.68,13.6314,200.0,0.0,1.0
2015-10-15,13.68,13.68,13.68,13.68,13.6314,0.0,0.0,1.0
2015-10-16,13.68,13.68,13.68,13.68,13.6314,0.0,0.0,1.0
2015-10-19,13.68,13.68,13.68,13.68,13.6314,0.0,0.0,1.0
2015-10-20,13.68,13.68,13.68,13.68,13.6314,0.0,0.0,1.0
2015-10-21,13.68,13.68,13.68,13.68,13.6314,0.0,0.0,1.0
2015-10-22,13.68,13.68,13.68,13.68,13.6314,0.0,0.0,1.0
2015-10-23,12.88,12.88,12.88,12.88,12.8342,300.0,0.0,1.0
2015-10-26,12.77,12.77,12.77,12.77,12.7246,100.0,0.0,1.0
2015-10-27,12.77,12.77,12.77,12.77,12.7246,0.0,0.0,1.0
2015-10-28,13.31,13.31,13.31,13.31,13.2627,1000.0,0.0,1.0
2015-10-29,13.31,13.31,13.31,13.31,13.2627,0.0,0.0,1.0
2015-10-30,13.65,13.65,13.64,13.64,13.5915,800.0,0.0,1.0
2015-11-02,13.64,13.64,13.64,13.64,13.5915,0.0,0.0,1.0
2015-11-03,13.64,13.64,13.64,13.64,13.5915,0.0,0.0,1.0
2015-11-04,13.64,13.64,13.64,13.64,13.5915,0.0,0.0,1.0
2015-11-05,13.64,13.64,13.64,13.64,13.5915,0.0,0.0,1.0
2015-11-06,13.64,13.64,13.64,13.64,13.5915,0.0,0.0,1.0
2015-11-09,13.64,13.64,13.64,13.64,13.5915,0.0,0.0,1.0
2015-11-10,12.75,12.786,12.75,12.786,12.7405,700.0,0.0,1.0
2015-11-11,12.79,12.79,12.77,12.77,12.7246,600.0,0.0,1.0
2015-11-12,12.77,12.77,12.77,12.77,12.7246,0.0,0.0,1.0
2015-11-13,13.02,13.02,13.02,13.02,12.9737,500.0,0.0,1.0
2015-11-16,13.02,13.02,13.02,13.02,12.9737,0.0,0.0,1.0
2015-11-17,13.02,13.02,13.02,13.02,12.9737,0.0,0.0,1.0
2015-11-18,12.94,13.021,12.94,13.02,12.9737,1900.0,0.0,1.0
2015-11-19,13.02,13.02,13.02,13.02,12.9737,0.0,0.0,1.0
2015-11-20,13.02,13.02,13.02,13.02,12.9737,0.0,0.0,1.0
2015-11-23,13.02,13.02,13.02,13.02,12.9737,0.0,0.0,1.0
2015-11-24,13.02,13.02,13.02,13.02,12.9737,0.0,0.0,1.0
2015-11-25,13.02,13.02,13.02,13.02,12.9737,0.0,0.0,1.0
2015-11-27,13.02,13.02,13.02,13.02,12.9737,0.0,0.0,1.0
2015-11-30,13.02,13.02,13.02,13.02,12.9737,0.0,0.0,1.0
2015-12-01,13.02,13.02,13.02,13.02,12.9737,0.0,0.0,1.0
2015-12-02,13.02,13.02,13.02,13.02,12.9737,0.0,0.0,1.0
2015-12-03,14.0,14.0,13.82,13.83,13.7808,1800.0,0.0,1.0
2015-12-04,14.42,14.42,14.42,14.42,14.3687,200.0,0.0,1.0
2015-12-07,14.76,14.76,14.76,14.76,14.7075,100.0,0.0,1.0
2015-12-08,14.58,14.58,14.58,14.58,14.5282,200.0,0.0,1.0
2015-12-09,14.58,14.58,14.58,14.58,14.5282,0.0,0.0,1.0
2015-12-10,14.58,14.58,14.58,14.58,14.5282,0.0,0.0,1.0
2015-12-11,14.58,14.58,14.58,14.58,14.5282,0.0,0.0,1.0
2015-12-14,14.58,14.58,14.58,14.58,14.5282,0.0,0.0,1.0
2015-12-15,14.58,14.58,14.58,14.58,14.5282,0.0,0.0,1.0
2015-12-16,14.58,14.58,14.58,14.58,14.5282,0.0,0.0,1.0
2015-12-17,14.58,14.58,14.58,14.58,14.5282,2100.0,0.0,1.0
2015-12-18,14.58,14.58,14.58,14.58,14.5282,0.0,0.0,1.0
2015-12-21,13.9,13.9,13.9,13.9,13.8506,600.0,0.0,1.0
2015-12-22,13.9,13.9,13.9,13.9,13.8506,0.0,0.0,1.0
2015-12-23,13.9,13.9,13.9,13.9,13.8506,0.0,0.0,1.0
2015-12-24,14.358,14.358,14.358,14.358,14.307,100.0,0.0,1.0
2015-12-28,14.358,14.358,14.358,14.358,14.307,0.0,0.0,1.0
2015-12-29,15.08,15.08,15.08,15.08,15.0264,300.0,0.0,1.0
2015-12-30,15.08,15.08,15.08,15.08,15.0264,0.0,0.0,1.0
2015-12-31,15.08,15.08,15.08,15.08,15.0264,0.0,0.0,1.0
2016-01-04,15.08,15.08,15.08,15.08,15.0264,0.0,0.0,1.0
2016-01-05,16.45,16.584,14.81,16.08,16.0228,17300.0,0.0,1.0
2016-01-06,16.13,16.26,16.13,16.26,16.2022,500.0,0.0,1.0
2016-01-07,15.92,15.93,15.92,15.93,15.8734,800.0,0.0,1.0
2016-01-08,15.83,15.83,15.83,15.83,15.7737,100.0,0.0,1.0
2016-01-11,15.552,15.552,15.552,15.552,15.4967,200.0,0.0,1.0
2016-01-12,15.0,15.0,14.95,14.95,14.8968,5700.0,0.0,1.0
2016-01-13,15.48,15.48,15.4,15.4,15.3452,1300.0,0.0,1.0
2016-01-14,15.59,15.59,15.59,15.59,15.5346,500.0,0.0,1.0
2016-01-15,15.59,15.59,15.59,15.59,15.5346,0.0,0.0,1.0
2016-01-19,15.59,15.59,15.59,15.59,15.5346,0.0,0.0,1.0
2016-01-20,13.33,13.33,13.21,13.27,13.2228,400.0,0.0,1.0
2016-01-21,13.36,13.36,13.24,13.34,13.2926,5200.0,0.0,1.0
2016-01-22,13.34,13.34,13.34,13.34,13.2926,0.0,0.0,1.0
2016-01-25,13.34,13.34,13.34,13.34,13.2926,0.0,0.0,1.0
2016-01-26,13.34,13.34,13.34,13.34,13.2926,0.0,0.0,1.0
2016-01-27,14.5,14.637,14.5,14.637,14.585,500.0,0.0,1.0
2016-01-28,14.637,14.637,14.637,14.637,14.585,0.0,0.0,1.0
2016-01-29,14.637,14.637,14.637,14.637,14.585,0.0,0.0,1.0
2016-02-01,14.637,14.637,14.637,14.637,14.585,0.0,0.0,1.0
2016-02-02,14.637,14.637,14.637,14.637,14.585,0.0,0.0,1.0
2016-02-03,14.637,14.637,14.637,14.637,14.585,0.0,0.0,1.0
2016-02-04,13.73,13.73,13.73,13.73,13.6812,100.0,0.0,1.0
2016-02-05,13.73,13.73,13.73,13.73,13.6812,0.0,0.0,1.0
2016-02-08,13.8,13.8,13.8,13.8,13.7509,400.0,0.0,1.0
2016-02-09,13.8,13.8,13.8,13.8,13.7509,0.0,0.0,1.0
2016-02-10,12.177,12.19,12.15,12.15,12.1068,1000.0,0.0,1.0
2016-02-11,12.15,12.15,12.15,12.15,12.1068,0.0,0.0,1.0
2016-02-12,11.15,11.15,11.05,11.11,11.0705,1100.0,0.0,1.0
2016-02-16,11.65,11.66,11.58,11.66,11.6185,800.0,0.0,1.0
2016-02-17,11.84,11.84,11.76,11.76,11.7182,500.0,0.0,1.0
2016-02-18,12.09,12.1,12.05,12.05,12.0072,400.0,0.0,1.0
2016-02-19,12.05,12.05,12.05,12.05,12.0072,0.0,0.0,1.0
2016-02-22,12.05,12.05,12.05,12.05,12.0072,0.0,0.0,1.0
2016-02-23,12.377,12.38,12.23,12.3,12.2563,3200.0,0.0,1.0
2016-02-24,12.3,12.3,12.3,12.3,12.2563,0.0,0.0,1.0
2016-02-25,12.3,12.3,12.3,12.3,12.2563,0.0,0.0,1.0
2016-02-26,12.3,12.3,12.3,12.3,12.2563,0.0,0.0,1.0
2016-02-29,12.3,12.3,12.3,12.3,12.2563,0.0,0.0,1.0
2016-03-01,13.0,13.0,12.82,12.95,12.904,10500.0,0.0,1.0
2016-03-02,12.95,12.95,12.95,12.95,12.904,0.0,0.0,1.0
2016-03-03,14.19,14.19,14.19,14.19,14.1395,2200.0,0.0,1.0
2016-03-04,14.71,14.71,14.71,14.71,14.6577,300.0,0.0,1.0
2016-03-07,15.49,15.49,15.49,15.49,15.4349,200.0,0.0,1.0
2016-03-08,16.19,16.22,16.19,16.22,16.1623,1400.0,0.0,1.0
2016-03-09,16.67,16.67,16.67,16.67,16.6107,100.0,0.0,1.0
2016-03-10,16.58,16.58,16.58,16.58,16.5211,200.0,0.0,1.0
2016-03-11,16.469,16.469,16.469,16.469,16.4104,200.0,0.0,1.0
2016-03-14,16.4,16.4,16.4,16.4,16.3417,100.0,0.0,1.0
2016-03-15,16.4,16.4,16.4,16.4,16.3417,0.0,0.0,1.0
2016-03-16,16.4,16.4,16.4,16.4,16.3417,0.0,0.0,1.0
2016-03-17,16.4,16.4,16.4,16.4,16.3417,0.0,0.0,1.0
2016-03-18,16.93,16.93,16.93,16.93,16.8698,100.0,0.0,1.0
2016-03-21,16.93,16.93,16.93,16.93,16.8698,0.0,0.0,1.0
2016-03-22,16.93,16.93,16.93,16.93,16.8698,0.0,0.0,1.0
2016-03-23,16.93,16.93,16.93,16.93,16.8698,0.0,0.0,1.0
2016-03-24,16.93,16.93,16.93,16.93,16.8698,0.0,0.0,1.0
2016-03-28,16.39,16.39,16.39,16.39,16.3317,100.0,0.0,1.0
2016-03-29,16.39,16.39,16.39,16.39,16.39,0.0,0.0583,1.0
2016-03-30,16.39,16.39,16.39,16.39,16.39,0.0,0.0,1.0
2016-03-31,16.39,16.39,16.39,16.39,16.39,0.0,0.0,1.0
2016-04-01,16.39,16.39,16.39,16.39,16.39,0.0,0.0,1.0
2016-04-04,16.39,16.39,16.39,16.39,16.39,0.0,0.0,1.0
2016-04-05,16.39,16.39,16.39,16.39,16.39,0.0,0.0,1.0
2016-04-06,16.39,16.39,16.39,16.39,16.39,0.0,0.0,1.0
2016-04-07,17.08,17.08,17.01,17.01,17.01,1700.0,0.0,1.0
2016-04-08,17.63,17.85,17.63,17.85,17.85,1300.0,0.0,1.0
2016-04-11,18.67,18.67,18.67,18.67,18.67,100.0,0.0,1.0
2016-04-12,18.14,18.17,18.09,18.17,18.17,6400.0,0.0,1.0
2016-04-13,19.388,19.388,19.388,19.388,19.388,200.0,0.0,1.0
2016-04-14,19.155,19.155,19.155,19.155,19.155,300.0,0.0,1.0
2016-04-15,18.77,18.77,18.74,18.74,18.74,400.0,0.0,1.0
2016-04-18,18.74,18.74,18.74,18.74,18.74,0.0,0.0,1.0
2016-04-19,19.59,19.59,19.59,19.59,19.59,100.0,0.0,1.0
2016-04-20,20.31,20.481,20.15,20.481,20.481,1300.0,0.0,1.0
2016-04-21,20.56,20.64,20.46,20.64,20.64,5000.0,0.0,1.0
2016-04-22,20.48,20.48,20.48,20.48,20.48,200.0,0.0,1.0
2016-04-25,22.02,22.02,21.95,21.95,21.95,600.0,0.0,1.0
2016-04-26,19.86,19.86,19.69,19.69,19.69,1600.0,0.0,1.0
2016-04-27,23.0,23.189,22.0,23.0,23.0,4400.0,0.0,1.0
2016-04-28,22.928,22.928,22.67,22.67,22.67,1200.0,0.0,1.0
2016-04-29,22.58,22.58,22.58,22.58,22.58,200.0,0.0,1.0
2016-05-02,23.54,23.802,23.45,23.736,23.736,7400.0,0.0,1.0
2016-05-03,23.48,23.584,23.45,23.584,23.584,800.0,0.0,1.0
2016-05-04,23.584,23.584,23.584,23.584,23.584,0.0,0.0,1.0
2016-05-05,23.5,23.5,23.5,23.5,23.5,200.0,0.0,1.0
2016-05-06,24.36,24.567,24.36,24.567,24.567,1200.0,0.0,1.0
2016-05-09,23.79,23.79,23.71,23.73,23.73,1700.0,0.0,1.0
2016-05-10,23.23,23.48,23.23,23.48,23.48,5100.0,0.0,1.0
2016-05-11,23.48,23.48,23.48,23.48,23.48,0.0,0.0,1.0
2016-05-12,22.83,22.83,22.705,22.752,22.752,1700.0,0.0,1.0
2016-05-13,23.28,23.28,23.28,23.28,23.28,100.0,0.0,1.0
2016-05-16,22.61,22.61,20.12,20.12,20.12,7700.0,0.0,1.0
2016-05-17,20.0,20.0,18.82,18.82,18.82,700.0,0.0,1.0
2016-05-18,17.93,17.93,17.72,17.72,17.72,1100.0,0.0,1.0
2016-05-19,17.92,17.98,17.89,17.98,17.98,700.0,0.0,1.0
2016-05-20,18.74,18.74,18.74,18.74,18.74,100.0,0.0,1.0
2016-05-23,19.73,19.8,19.72,19.8,19.8,3000.0,0.0,1.0
2016-05-24,19.8,19.8,19.8,19.8,19.8,0.0,0.0,1.0
2016-05-25,19.048,19.048,19.048,19.048,19.048,2100.0,0.0,1.0
2016-05-26,18.59,18.59,18.41,18.41,18.41,400.0,0.0,1.0
2016-05-27,18.41,18.41,18.41,18.41,18.41,0.0,0.0,1.0
2016-05-31,18.41,18.41,18.41,18.41,18.41,0.0,0.0,1.0
2016-06-01,18.41,18.41,18.41,18.41,18.41,0.0,0.0,1.0
2016-06-02,18.5,19.02,18.3,19.02,19.02,4000.0,0.0,1.0
2016-06-03,19.2,19.21,19.2,19.2,19.2,400.0,0.0,1.0
2016-06-06,18.88,18.91,18.87,18.91,18.91,1400.0,0.0,1.0
2016-06-07,18.886,18.886,18.82,18.82,18.82,1400.0,0.0,1.0
2016-06-08,18.82,18.82,18.82,18.82,18.82,0.0,0.0,1.0
2016-06-09,18.82,18.82,18.82,18.82,18.82,0.0,0.0,1.0
2016-06-10,18.0,18.22,17.78,17.93,17.93,8100.0,0.0,1.0
2016-06-13,16.89,16.89,16.89,16.89,16.89,100.0,0.0,1.0
2016-06-14,15.73,15.73,15.45,15.45,15.45,1300.0,0.0,1.0
2016-06-15,16.62,17.35,15.98,17.35,17.35,9200.0,0.0,1.0
2016-06-16,15.39,15.43,15.272,15.38,15.38,1500.0,0.0,1.0
2016-06-17,15.38,15.38,15.38,15.38,15.38,0.0,0.0,1.0
2016-06-20,16.09,16.31,16.09,16.094,16.094,1100.0,0.0,1.0
2016-06-21,16.59,16.9,16.4,16.5,16.5,9500.0,0.0,1.0
2016-06-22,16.018,16.018,16.018,16.018,16.018,400.0,0.0,1.0
2016-06-23,15.92,15.92,15.9,15.9,15.9,700.0,0.0,1.0
2016-06-24,15.08,15.08,15.08,15.08,15.08,200.0,0.0,1.0
2016-06-27,15.08,15.08,15.08,15.08,15.08,0.0,0.0,1.0
2016-06-28,15.69,15.84,15.55,15.84,15.84,8900.0,0.0,1.0
2016-06-29,16.0,16.5,16.0,16.4,16.4,2500.0,0.0,1.0
2016-06-30,16.4,16.4,16.4,16.4,16.4,0.0,0.0,1.0
2016-07-01,16.5,16.5,16.5,16.5,16.5,400.0,0.0,1.0
2016-07-05,15.5,18.5,15.5,18.5,18.5,400.0,0.0,1.0
2016-07-06,17.0,18.5,17.0,18.0,18.0,1200.0,0.0,1.0
2016-07-07,17.36,17.65,17.0,17.0,17.0,5800.0,0.0,1.0
2016-07-08,17.62,17.62,15.1,16.25,16.25,48700.0,0.0,1.0
2016-07-11,15.0,16.0,15.0,15.6,15.6,9400.0,0.0,1.0
2016-07-12,15.5,15.9,15.25,15.8,15.8,3300.0,0.0,1.0
2016-07-13,15.0,15.8,14.99,15.7,15.7,5800.0,0.0,1.0
2016-07-14,14.5,15.2,14.5,15.0,15.0,1300.0,0.0,1.0
2016-07-15,13.96,14.6,13.96,14.3,14.3,1900.0,0.0,1.0
2016-07-18,14.29,14.3,14.29,14.3,14.3,500.0,0.0,1.0
2016-07-19,13.5,14.5,13.5,13.55,13.55,1000.0,0.0,1.0
2016-07-20,13.55,13.55,13.55,13.55,13.55,0.0,0.0,1.0
2016-07-21,13.55,13.55,13.55,13.55,13.55,0.0,0.0,1.0
2016-07-22,13.5,13.99,13.0,13.0,13.0,1000.0,0.0,1.0
2016-07-25,13.0,13.0,13.0,13.0,13.0,0.0,0.0,1.0
2016-07-26,13.6,14.9,13.6,13.93,13.93,5100.0,0.0,1.0
2016-07-27,14.2,14.2,13.505,13.8,13.8,2500.0,0.0,1.0
2016-07-28,14.01,14.12,13.53,13.75,13.75,1500.0,0.0,1.0
2016-07-29,14.02,14.02,14.02,14.02,14.02,100.0,0.0,1.0
2016-08-01,14.53,14.55,13.63,13.63,13.63,3500.0,0.0,1.0
2016-08-02,14.27,14.27,14.27,14.27,14.27,100.0,0.0,1.0
2016-08-03,14.16,14.16,14.01,14.01,14.01,300.0,0.0,1.0
2016-08-04,14.27,14.31,14.27,14.31,14.31,400.0,0.0,1.0
2016-08-05,14.31,14.31,14.31,14.31,14.31,0.0,0.0,1.0
2016-08-08,14.09,14.09,14.09,14.09,14.09,200.0,0.0,1.0
2016-08-09,14.09,14.09,14.09,14.09,14.09,0.0,0.0,1.0
2016-08-10,14.09,14.09,14.09,14.09,14.09,0.0,0.0,1.0
2016-08-11,14.12,14.167,14.12,14.167,14.167,200.0,0.0,1.0
2016-08-12,14.21,14.21,14.21,14.21,14.21,200.0,0.0,1.0
2016-08-15,14.69,14.69,14.68,14.68,14.68,2100.0,0.0,1.0
2016-08-16,14.68,14.68,14.68,14.68,14.68,0.0,0.0,1.0
2016-08-17,14.68,14.68,14.68,14.68,14.68,0.0,0.0,1.0
2016-08-18,14.68,14.68,14.68,14.68,14.68,0.0,0.0,1.0
2016-08-19,14.21,14.21,14.2,14.21,14.21,500.0,0.0,1.0
2016-08-22,14.53,14.55,14.52,14.54,14.54,1200.0,0.0,1.0
2016-08-23,15.32,15.32,15.27,15.28,15.28,1300.0,0.0,1.0
2016-08-24,15.28,15.28,15.28,15.28,15.28,0.0,0.0,1.0
2016-08-25,15.28,15.28,15.28,15.28,15.28,0.0,0.0,1.0
2016-08-26,15.28,15.28,15.28,15.28,15.28,0.0,0.0,1.0
2016-08-29,15.28,15.28,15.28,15.28,15.28,0.0,0.0,1.0
2016-08-30,13.95,13.98,13.9,13.9,13.9,4900.0,0.0,1.0
2016-08-31,14.03,14.03,14.03,14.03,14.03,200.0,0.0,1.0
2016-09-01,14.31,14.35,14.3,14.3,14.3,900.0,0.0,1.0
2016-09-02,14.3,14.3,14.3,14.3,14.3,0.0,0.0,1.0
2016-09-06,14.78,14.831,14.77,14.831,14.831,1300.0,0.0,1.0
2016-09-07,14.831,14.831,14.831,14.831,14.831,0.0,0.0,1.0
2016-09-08,15.8,15.8,15.8,15.8,15.8,200.0,0.0,1.0
2016-09-09,15.49,15.49,15.49,15.49,15.49,200.0,0.0,1.0
2016-09-12,15.49,15.49,15.49,15.49,15.49,0.0,0.0,1.0
2016-09-13,15.49,15.49,15.49,15.49,15.49,0.0,0.0,1.0
2016-09-14,15.49,15.49,15.49,15.49,15.49,0.0,0.0,1.0
2016-09-15,15.49,15.49,15.49,15.49,15.49,0.0,0.0,1.0
2016-09-16,14.84,14.84,14.84,14.84,14.84,600.0,0.0,1.0
2016-09-19,14.84,14.84,14.84,14.84,14.84,0.0,0.0,1.0
2016-09-20,14.84,14.84,14.84,14.84,14.84,0.0,0.0,1.0
2016-09-21,14.695,14.695,14.695,14.695,14.695,100.0,0.0,1.0
2016-09-22,14.82,14.82,14.81,14.81,14.81,200.0,0.0,1.0
2016-09-23,14.81,14.81,14.81,14.81,14.81,0.0,0.0,1.0
2016-09-26,14.81,14.81,14.81,14.81,14.81,0.0,0.0,1.0
2016-09-27,15.29,15.29,15.28,15.28,15.28,400.0,0.0,1.0
2016-09-28,15.28,15.28,15.28,15.28,15.28,0.0,0.0,1.0
2016-09-29,15.28,15.28,15.28,15.28,15.28,0.0,0.0,1.0
2016-09-30,15.28,15.28,15.28,15.28,15.28,0.0,0.0,1.0
2016-10-03,15.27,15.76,15.24,15.72,15.72,18900.0,0.0,1.0
2016-10-04,16.0,17.19,16.0,17.07,17.07,1400.0,0.0,1.0
2016-10-05,17.07,17.07,17.07,17.07,17.07,0.0,0.0,1.0
2016-10-06,19.09,19.331,18.94,19.0,19.0,2600.0,0.0,1.0
2016-10-07,18.64,18.66,18.64,18.66,18.66,500.0,0.0,1.0
2016-10-10,18.6,18.62,18.6,18.62,18.62,700.0,0.0,1.0
2016-10-11,18.62,18.62,18.62,18.62,18.62,0.0,0.0,1.0
2016-10-12,18.62,18.62,18.62,18.62,18.62,0.0,0.0,1.0
2016-10-13,17.31,17.31,17.31,17.31,17.31,100.0,0.0,1.0
2016-10-14,17.31,17.31,17.31,17.31,17.31,0.0,0.0,1.0
2016-10-17,17.31,17.31,17.31,17.31,17.31,0.0,0.0,1.0
2016-10-18,19.2,19.2,19.0,19.0,19.0,600.0,0.0,1.0
2016-10-19,19.0,19.0,19.0,19.0,19.0,0.0,0.0,1.0
2016-10-20,19.0,19.0,19.0,19.0,19.0,0.0,0.0,1.0
2016-10-21,19.0,19.0,19.0,19.0,19.0,0.0,0.0,1.0
2016-10-24,19.0,19.0,19.0,19.0,19.0,0.0,0.0,1.0
2016-10-25,19.0,19.0,19.0,19.0,19.0,0.0,0.0,1.0
2016-10-26,19.0,19.0,19.0,19.0,19.0,0.0,0.0,1.0
2016-10-27,19.0,19.0,19.0,19.0,19.0,0.0,0.0,1.0
2016-10-28,19.0,19.0,19.0,19.0,19.0,0.0,0.0,1.0
2016-10-31,19.0,19.0,19.0,19.0,19.0,0.0,0.0,1.0
2016-11-01,19.0,19.0,19.0,19.0,19.0,0.0,0.0,1.0
2016-11-02,16.86,16.86,16.144,16.144,16.144,700.0,0.0,1.0
2016-11-03,16.144,16.144,16.144,16.144,16.144,0.0,0.0,1.0
2016-11-04,16.144,16.144,16.144,16.144,16.144,0.0,0.0,1.0
2016-11-07,16.144,16.144,16.144,16.144,16.144,0.0,0.0,1.0
2016-11-08,16.144,16.144,16.144,16.144,16.144,0.0,0.0,1.0
2016-11-09,16.144,16.144,16.144,16.144,16.144,0.0,0.0,1.0
2016-11-10,16.144,16.144,16.144,16.144,16.144,0.0,0.0,1.0
2016-11-11,15.47,15.47,15.47,15.47,15.47,100.0,0.0,1.0
2016-11-14,15.47,15.47,15.47,15.47,15.47,0.0,0.0,1.0
2016-11-15,15.46,15.47,15.17,15.17,15.17,1100.0,0.0,1.0
2016-11-16,16.04,16.04,16.04,16.04,16.04,100.0,0.0,1.0
2016-11-17,16.04,16.04,16.04,16.04,16.04,0.0,0.0,1.0
2016-11-18,16.04,16.04,16.04,16.04,16.04,100.0,0.0,1.0
2016-11-21,16.04,16.04,16.04,16.04,16.04,0.0,0.0,1.0
2016-11-22,16.04,16.04,16.04,16.04,16.04,0.0,0.0,1.0
2016-11-23,15.46,15.526,15.45,15.526,15.526,500.0,0.0,1.0
2016-11-25,15.526,15.526,15.526,15.526,15.526,0.0,0.0,1.0
2016-11-28,15.526,15.526,15.526,15.526,15.526,0.0,0.0,1.0
2016-11-29,15.526,15.526,15.526,15.526,15.526,0.0,0.0,1.0
2016-11-30,15.526,15.526,15.526,15.526,15.526,0.0,0.0,1.0
2016-12-01,15.526,15.526,15.526,15.526,15.526,0.0,0.0,1.0
2016-12-02,15.526,15.526,15.526,15.526,15.526,0.0,0.0,1.0
2016-12-05,15.526,15.526,15.526,15.526,15.526,0.0,0.0,1.0
2016-12-06,15.526,15.526,15.526,15.526,15.526,0.0,0.0,1.0
2016-12-07,15.526,15.526,15.526,15.526,15.526,0.0,0.0,1.0
2016-12-08,14.5,14.59,14.5,14.59,14.59,200.0,0.0,1.0
2016-12-09,14.6,14.6,14.6,14.6,14.6,300.0,0.0,1.0
2016-12-12,14.6,14.6,14.6,14.6,14.6,200.0,0.0,1.0
2016-12-13,14.95,15.68,14.95,15.67,15.67,2600.0,0.0,1.0
2016-12-14,15.67,15.67,15.67,15.67,15.67,0.0,0.0,1.0
2016-12-15,15.67,15.67,15.67,15.67,15.67,0.0,0.0,1.0
2016-12-16,14.06,14.06,14.06,14.06,14.06,200.0,0.0,1.0
2016-12-19,14.06,14.06,14.06,14.06,14.06,0.0,0.0,1.0
2016-12-20,14.06,14.06,14.06,14.06,14.06,0.0,0.0,1.0
2016-12-21,14.06,14.06,14.06,14.06,14.06,0.0,0.0,1.0
2016-12-22,14.06,14.06,14.06,14.06,14.06,0.0,0.0,1.0
2016-12-23,14.06,14.06,14.06,14.06,14.06,0.0,0.0,1.0
2016-12-27,14.06,14.06,14.06,14.06,14.06,0.0,0.0,1.0
2016-12-28,14.1,14.21,14.1,14.18,14.18,1400.0,0.0,1.0
2016-12-29,14.18,14.18,14.18,14.18,14.18,0.0,0.0,1.0
2016-12-30,14.18,14.18,14.18,14.18,14.18,0.0,0.0,1.0
2017-01-03,14.18,14.18,14.18,14.18,14.18,0.0,0.0,1.0
2017-01-04,15.01,15.05,15.0,15.0,15.0,1200.0,0.0,1.0
2017-01-05,15.0,15.0,15.0,15.0,15.0,0.0,0.0,1.0
2017-01-06,15.0,15.0,15.0,15.0,15.0,0.0,0.0,1.0
2017-01-09,15.0,15.0,15.0,15.0,15.0,0.0,0.0,1.0
2017-01-10,15.0,15.0,15.0,15.0,15.0,0.0,0.0,1.0
2017-01-11,15.0,15.0,15.0,15.0,15.0,0.0,0.0,1.0
2017-01-12,15.0,15.0,15.0,15.0,15.0,0.0,0.0,1.0
2017-01-13,15.0,15.0,15.0,15.0,15.0,0.0,0.0,1.0
2017-01-17,15.0,15.0,15.0,15.0,15.0,0.0,0.0,1.0
2017-01-18,15.0,15.0,15.0,15.0,15.0,0.0,0.0,1.0
2017-01-19,15.0,15.0,15.0,15.0,15.0,0.0,0.0,1.0
2017-01-20,15.0,15.0,15.0,15.0,15.0,0.0,0.0,1.0
2017-01-23,15.0,15.0,15.0,15.0,15.0,0.0,0.0,1.0
2017-01-24,15.0,15.0,15.0,15.0,15.0,0.0,0.0,1.0
2017-01-25,15.0,15.0,15.0,15.0,15.0,0.0,0.0,1.0
2017-01-26,15.0,15.0,15.0,15.0,15.0,0.0,0.0,1.0
2017-01-27,15.0,15.0,15.0,15.0,15.0,0.0,0.0,1.0
2017-01-30,15.0,15.0,15.0,15.0,15.0,0.0,0.0,1.0
2017-01-31,15.22,15.273,15.2,15.25,15.25,1800.0,0.0,1.0
2017-02-01,15.25,15.25,15.25,15.25,15.25,0.0,0.0,1.0
2017-02-02,15.25,15.25,15.25,15.25,15.25,0.0,0.0,1.0
2017-02-03,15.25,15.25,15.25,15.25,15.25,0.0,0.0,1.0
2017-02-06,15.25,15.25,15.25,15.25,15.25,0.0,0.0,1.0
2017-02-07,15.25,15.25,15.25,15.25,15.25,0.0,0.0,1.0
2017-02-08,15.25,15.25,15.25,15.25,15.25,0.0,0.0,1.0
2017-02-09,15.25,15.25,15.25,15.25,15.25,0.0,0.0,1.0
2017-02-10,15.25,15.25,15.25,15.25,15.25,0.0,0.0,1.0
2017-02-13,15.25,15.25,15.25,15.25,15.25,0.0,0.0,1.0
2017-02-14,15.25,15.25,15.25,15.25,15.25,1900.0,0.0,1.0
2017-02-15,14.24,14.24,14.24,14.24,14.24,100.0,0.0,1.0
2017-02-16,14.24,14.24,14.24,14.24,14.24,0.0,0.0,1.0
2017-02-17,14.24,14.24,14.24,14.24,14.24,0.0,0.0,1.0
2017-02-21,13.76,14.091,13.76,14.091,14.091,700.0,0.0,1.0
2017-02-22,14.091,14.091,14.091,14.091,14.091,0.0,0.0,1.0
2017-02-23,14.091,14.091,14.091,14.091,14.091,0.0,0.0,1.0
2017-02-24,14.091,14.091,14.091,14.091,14.091,0.0,0.0,1.0
2017-02-27,14.091,14.091,14.091,14.091,14.091,0.0,0.0,1.0
2017-02-28,14.091,14.091,14.091,14.091,14.091,0.0,0.0,1.0
2017-03-01,14.091,14.091,14.091,14.091,14.091,0.0,0.0,1.0
2017-03-02,13.15,13.15,13.15,13.15,13.15,200.0,0.0,1.0
2017-03-03,13.15,13.15,13.15,13.15,13.15,100.0,0.0,1.0
2017-03-06,13.15,13.15,13.15,13.15,13.15,0.0,0.0,1.0
2017-03-07,13.15,13.15,13.15,13.15,13.15,0.0,0.0,1.0
2017-03-08,13.15,13.15,13.15,13.15,13.15,0.0,0.0,1.0
2017-03-09,13.26,13.26,13.26,13.26,13.26,200.0,0.0,1.0
2017-03-10,13.26,13.26,13.26,13.26,13.26,0.0,0.0,1.0
2017-03-13,13.26,13.26,13.26,13.26,13.26,0.0,0.0,1.0
2017-03-14,13.26,13.26,13.26,13.26,13.26,0.0,0.0,1.0
2017-03-15,13.26,13.26,13.26,13.26,13.26,0.0,0.0,1.0
2017-03-16,13.26,13.26,13.26,13.26,13.26,0.0,0.0,1.0
2017-03-17,13.26,13.26,13.26,13.26,13.26,0.0,0.0,1.0
2017-03-20,13.26,13.26,13.26,13.26,13.26,0.0,0.0,1.0
2017-03-21,13.26,13.26,13.26,13.26,13.26,0.0,0.0,1.0
2017-03-22,13.26,13.26,13.26,13.26,13.26,0.0,0.0,1.0
2017-03-23,13.26,13.26,13.26,13.26,13.26,0.0,0.0,1.0
2017-03-24,13.26,13.26,13.26,13.26,13.26,0.0,0.0,1.0
2017-03-27,13.26,13.26,13.26,13.26,13.26,0.0,0.0,1.0
2017-03-28,13.26,13.26,13.26,13.26,13.26,0.0,0.0,1.0
2017-03-29,12.79,12.79,12.73,12.73,12.73,300.0,0.0,1.0
2017-03-30,12.73,12.73,12.73,12.73,12.73,0.0,0.0,1.0
2017-03-31,12.73,12.73,12.73,12.73,12.73,0.0,0.0,1.0
2017-04-03,12.68,12.68,12.68,12.68,12.68,100.0,0.0,1.0
2017-04-04,12.68,12.68,12.68,12.68,12.68,0.0,0.0,1.0
2017-04-05,12.68,12.68,12.68,12.68,12.68,0.0,0.0,1.0
2017-04-06,12.68,12.68,12.68,12.68,12.68,0.0,0.0,1.0
2017-04-07,12.68,12.68,12.68,12.68,12.68,0.0,0.0,1.0
2017-04-10,10.8,10.8,10.8,10.8,10.8,600.0,0.0,1.0
2017-04-11,11.32,11.32,10.917,10.94,10.94,900.0,0.0,1.0
2017-04-12,10.94,10.94,10.94,10.94,10.94,0.0,0.0,1.0
2017-04-13,10.94,10.94,10.94,10.94,10.94,0.0,0.0,1.0
2017-04-17,10.94,10.94,10.94,10.94,10.94,0.0,0.0,1.0
2017-04-18,9.06,10.84,9.06,10.71,10.71,500.0,0.0,1.0
2017-04-19,11.13,11.13,11.13,11.13,11.13,300.0,0.0,1.0
2017-04-20,11.13,11.13,11.13,11.13,11.13,0.0,0.0,1.0
2017-04-21,10.91,10.91,10.9,10.9,10.9,200.0,0.0,1.0
2017-04-24,10.9,10.9,10.9,10.9,10.9,0.0,0.0,1.0
2017-04-25,10.9,10.9,10.9,10.9,10.9,0.0,0.0,1.0
2017-04-26,10.9,10.9,10.9,10.9,10.9,0.0,0.0,1.0
2017-04-27,10.9,10.9,10.9,10.9,10.9,0.0,0.0,1.0
2017-04-28,10.9,10.9,10.9,10.9,10.9,0.0,0.0,1.0
2017-05-01,11.2,11.2,11.2,11.2,11.2,500.0,0.0,1.0
2017-05-02,11.4,11.4,11.39,11.39,11.39,200.0,0.0,1.0
2017-05-03,11.39,11.39,11.39,11.39,11.39,0.0,0.0,1.0
2017-05-04,11.39,11.39,11.39,11.39,11.39,0.0,0.0,1.0
2017-05-05,11.39,11.39,11.39,11.39,11.39,0.0,0.0,1.0
2017-05-08,11.98,12.0,11.95,11.95,11.95,1600.0,0.0,1.0
2017-05-09,11.401,11.401,11.401,11.401,11.401,200.0,0.0,1.0
2017-05-10,11.401,11.401,11.401,11.401,11.401,0.0,0.0,1.0
2017-05-11,11.401,11.401,11.401,11.401,11.401,0.0,0.0,1.0
2017-05-12,11.401,11.401,11.401,11.401,11.401,0.0,0.0,1.0
2017-05-15,11.401,11.401,11.401,11.401,11.401,0.0,0.0,1.0
2017-05-16,12.33,12.33,11.6,11.7,11.7,600.0,0.0,1.0
2017-05-17,12.315,12.315,12.315,12.315,12.315,400.0,0.0,1.0
2017-05-18,12.315,12.315,12.315,12.315,12.315,0.0,0.0,1.0
2017-05-19,12.12,12.15,12.12,12.15,12.15,200.0,0.0,1.0
2017-05-22,12.15,12.15,12.15,12.15,12.15,0.0,0.0,1.0
2017-05-23,12.15,12.15,12.15,12.15,12.15,0.0,0.0,1.0
2017-05-24,12.15,12.15,12.15,12.15,12.15,0.0,0.0,1.0
2017-05-25,13.69,13.69,13.4,13.45,13.45,3900.0,0.0,1.0
2017-05-26,13.813,13.995,13.813,13.97,13.97,1100.0,0.0,1.0
2017-05-30,13.338,13.338,13.338,13.338,13.338,200.0,0.0,1.0
2017-05-31,14.3,14.3,14.19,14.19,14.19,900.0,0.0,1.0
2017-06-01,14.25,14.25,14.21,14.22,14.22,1100.0,0.0,1.0
2017-06-02,14.46,14.46,14.46,14.46,14.46,200.0,0.0,1.0
2017-06-05,14.42,14.42,14.4,14.4,14.4,300.0,0.0,1.0
2017-06-06,14.22,14.25,14.22,14.25,14.25,400.0,0.0,1.0
2017-06-07,14.25,14.25,14.25,14.25,14.25,0.0,0.0,1.0
2017-06-08,14.25,14.25,14.25,14.25,14.25,0.0,0.0,1.0
2017-06-09,13.89,13.93,13.441,13.441,13.441,1500.0,0.0,1.0
2017-06-12,13.441,13.441,13.441,13.441,13.441,0.0,0.0,1.0
2017-06-13,13.441,13.441,13.441,13.441,13.441,0.0,0.0,1.0
2017-06-14,13.441,13.441,13.441,13.441,13.441,0.0,0.0,1.0
2017-06-15,13.441,13.441,13.441,13.441,13.441,0.0,0.0,1.0
2017-06-16,13.441,13.441,13.441,13.441,13.441,0.0,0.0,1.0
2017-06-19,12.52,12.52,12.52,12.52,12.52,300.0,0.0,1.0
2017-06-20,12.52,12.52,12.52,12.52,12.52,0.0,0.0,1.0
2017-06-21,13.19,13.22,13.09,13.139,13.139,3200.0,0.0,1.0
2017-06-22,13.139,13.139,13.139,13.139,13.139,0.0,0.0,1.0
2017-06-23,13.139,13.139,13.139,13.139,13.139,0.0,0.0,1.0
2017-06-26,14.16,14.4,13.95,13.95,13.95,2300.0,0.0,1.0
2017-06-27,14.84,14.99,14.71,14.99,14.99,2300.0,0.0,1.0
2017-06-28,14.99,14.99,14.99,14.99,14.99,0.0,0.0,1.0
2017-06-29,14.9,15.0,14.9,15.0,15.0,900.0,0.0,1.0
2017-06-30,15.0,15.0,15.0,15.0,15.0,0.0,0.0,1.0
2017-07-03,15.0,15.0,15.0,15.0,15.0,0.0,0.0,1.0
2017-07-05,15.0,15.0,15.0,15.0,15.0,0.0,0.0,1.0
2017-07-06,15.0,15.0,15.0,15.0,15.0,0.0,0.0,1.0
2017-07-07,15.0,15.0,15.0,15.0,15.0,0.0,0.0,1.0
2017-07-10,15.0,15.0,15.0,15.0,15.0,0.0,0.0,1.0
2017-07-11,15.0,15.0,15.0,15.0,15.0,0.0,0.0,1.0
2017-07-12,15.0,15.0,15.0,15.0,15.0,0.0,0.0,1.0
2017-07-13,14.11,14.39,14.11,14.39,14.39,300.0,0.0,1.0
2017-07-14,13.88,13.894,13.86,13.884,13.884,3200.0,0.0,1.0
2017-07-17,13.884,13.884,13.884,13.884,13.884,0.0,0.0,1.0
2017-07-18,13.884,13.884,13.884,13.884,13.884,0.0,0.0,1.0
2017-07-19,13.884,13.884,13.884,13.884,13.884,0.0,0.0,1.0
2017-07-20,13.884,13.884,13.884,13.884,13.884,0.0,0.0,1.0
2017-07-21,13.884,13.884,13.884,13.884,13.884,0.0,0.0,1.0
2017-07-24,13.884,13.884,13.884,13.884,13.884,0.0,0.0,1.0
2017-07-25,13.884,13.884,13.884,13.884,13.884,0.0,0.0,1.0
2017-07-26,13.884,13.884,13.884,13.884,13.884,0.0,0.0,1.0
2017-07-27,13.884,13.884,13.884,13.884,13.884,0.0,0.0,1.0
2017-07-28,13.884,13.884,13.884,13.884,13.884,0.0,0.0,1.0
2017-07-31,13.884,13.884,13.884,13.884,13.884,0.0,0.0,1.0
2017-08-01,13.884,13.884,13.884,13.884,13.884,0.0,0.0,1.0
2017-08-02,13.884,13.884,13.884,13.884,13.884,0.0,0.0,1.0
2017-08-03,13.884,13.884,13.884,13.884,13.884,0.0,0.0,1.0
2017-08-04,13.884,13.884,13.884,13.884,13.884,0.0,0.0,1.0
2017-08-07,13.884,13.884,13.884,13.884,13.884,0.0,0.0,1.0
2017-08-08,13.884,13.884,13.884,13.884,13.884,0.0,0.0,1.0
2017-08-09,12.79,12.828,12.79,12.828,12.828,400.0,0.0,1.0
2017-08-10,12.828,12.828,12.828,12.828,12.828,0.0,0.0,1.0
2017-08-11,12.828,12.828,12.828,12.828,12.828,0.0,0.0,1.0
2017-08-14,12.828,12.828,12.828,12.828,12.828,1300.0,0.0,1.0
2017-08-15,12.828,12.828,12.828,12.828,12.828,0.0,0.0,1.0
2017-08-16,12.828,12.828,12.828,12.828,12.828,0.0,0.0,1.0
2017-08-17,12.35,12.35,12.3,12.3,12.3,800.0,0.0,1.0
2017-08-18,12.3,12.3,12.3,12.3,12.3,0.0,0.0,1.0
2017-08-21,12.3,12.3,12.3,12.3,12.3,0.0,0.0,1.0
2017-08-22,12.3,12.3,12.3,12.3,12.3,0.0,0.0,1.0
2017-08-23,12.3,12.3,12.3,12.3,12.3,0.0,0.0,1.0
2017-08-24,12.3,12.3,12.3,12.3,12.3,0.0,0.0,1.0
2017-08-25,12.3,12.3,12.3,12.3,12.3,0.0,0.0,1.0
2017-08-28,12.3,12.3,12.3,12.3,12.3,0.0,0.0,1.0
2017-08-29,12.3,12.3,12.3,12.3,12.3,0.0,0.0,1.0
2017-08-30,12.3,12.3,12.3,12.3,12.3,0.0,0.0,1.0
2017-08-31,12.3,12.3,12.3,12.3,12.3,0.0,0.0,1.0
2017-09-01,12.3,12.3,12.3,12.3,12.3,0.0,0.0,1.0
2017-09-05,12.3,12.3,12.3,12.3,12.3,0.0,0.0,1.0
2017-09-06,12.3,12.3,12.3,12.3,12.3,0.0,0.0,1.0
2017-09-07,12.3,12.3,12.3,12.3,12.3,0.0,0.0,1.0
2017-09-08,12.3,12.3,12.3,12.3,12.3,0.0,0.0,1.0
2017-09-11,12.3,12.3,12.3,12.3,12.3,0.0,0.0,1.0
2017-09-12,12.3,12.3,12.3,12.3,12.3,0.0,0.0,1.0
2017-09-13,11.46,11.46,11.46,11.46,11.46,100.0,0.0,1.0
2017-09-14,11.46,11.46,11.46,11.46,11.46,0.0,0.0,1.0
2017-09-15,11.46,11.46,11.46,11.46,11.46,0.0,0.0,1.0
2017-09-18,10.8,10.8,10.8,10.8,10.8,200.0,0.0,1.0
2017-09-19,10.8,10.8,10.8,10.8,10.8,0.0,0.0,1.0
2017-09-20,10.8,10.8,10.8,10.8,10.8,0.0,0.0,1.0
2017-09-21,11.68,11.85,11.68,11.85,11.85,500.0,0.0,1.0
2017-09-22,11.8,11.8,11.8,11.8,11.8,200.0,0.0,1.0
2017-09-25,11.8,11.8,11.8,11.8,11.8,0.0,0.0,1.0
2017-09-26,10.68,10.68,10.68,10.68,10.68,100.0,0.0,1.0
2017-09-27,11.1,11.166,11.05,11.166,11.166,400.0,0.0,1.0
2017-09-28,11.166,11.166,11.166,11.166,11.166,0.0,0.0,1.0
2017-09-29,11.4,11.4,11.4,11.4,11.4,100.0,0.0,1.0
2017-10-02,11.4,11.4,11.4,11.4,11.4,0.0,0.0,1.0
2017-10-03,11.4,11.4,11.4,11.4,11.4,0.0,0.0,1.0
2017-10-04,11.4,11.4,11.4,11.4,11.4,0.0,0.0,1.0
2017-10-05,11.4,11.4,11.4,11.4,11.4,0.0,0.0,1.0
2017-10-06,11.4,11.4,11.4,11.4,11.4,0.0,0.0,1.0
2017-10-09,11.4,11.4,11.4,11.4,11.4,0.0,0.0,1.0
2017-10-10,11.4,11.4,11.4,11.4,11.4,0.0,0.0,1.0
2017-10-11,11.65,11.65,11.65,11.65,11.65,100.0,0.0,1.0
2017-10-12,11.65,11.65,11.65,11.65,11.65,0.0,0.0,1.0
2017-10-13,11.65,11.65,11.65,11.65,11.65,0.0,0.0,1.0
2017-10-16,11.53,11.53,11.47,11.47,11.47,500.0,0.0,1.0
2017-10-17,11.43,11.53,11.43,11.53,11.53,700.0,0.0,1.0
2017-10-18,11.53,11.53,11.53,11.53,11.53,0.0,0.0,1.0
2017-10-19,11.53,11.53,11.53,11.53,11.53,0.0,0.0,1.0
2017-10-20,11.53,11.53,11.48,11.48,11.48,400.0,0.0,1.0
2017-10-23,11.53,11.82,11.53,11.82,11.82,1600.0,0.0,1.0
2017-10-24,11.82,11.82,11.82,11.82,11.82,0.0,0.0,1.0
2017-10-25,11.82,11.82,11.82,11.82,11.82,0.0,0.0,1.0
2017-10-26,11.82,11.82,11.82,11.82,11.82,0.0,0.0,1.0
2017-10-27,11.82,11.82,11.82,11.82,11.82,0.0,0.0,1.0
2017-10-30,11.82,11.82,11.82,11.82,11.82,0.0,0.0,1.0
2017-10-31,11.82,11.82,11.82,11.82,11.82,0.0,0.0,1.0
2017-11-01,11.82,11.82,11.82,11.82,11.82,0.0,0.0,1.0
2017-11-02,11.82,11.82,11.82,11.82,11.82,0.0,0.0,1.0
2017-11-03,11.82,11.82,11.82,11.82,11.82,0.0,0.0,1.0
2017-11-06,11.82,11.82,11.82,11.82,11.82,0.0,0.0,1.0
2017-11-07,11.82,11.82,11.82,11.82,11.82,0.0,0.0,1.0
2017-11-08,11.405,11.405,11.405,11.405,11.405,100.0,0.0,1.0
2017-11-09,10.81,10.81,10.81,10.81,10.81,100.0,0.0,1.0
2017-11-10,10.81,10.81,10.81,10.81,10.81,0.0,0.0,1.0
2017-11-13,10.81,10.81,10.81,10.81,10.81,0.0,0.0,1.0
2017-11-14,10.81,10.81,10.81,10.81,10.81,0.0,0.0,1.0
2017-11-15,10.81,10.81,10.81,10.81,10.81,0.0,0.0,1.0
2017-11-16,10.81,10.81,10.81,10.81,10.81,0.0,0.0,1.0
2017-11-17,10.81,10.81,10.81,10.81,10.81,0.0,0.0,1.0
2017-11-20,10.81,10.81,10.81,10.81,10.81,0.0,0.0,1.0
2017-11-21,10.81,10.81,10.81,10.81,10.81,0.0,0.0,1.0
2017-11-22,10.81,10.81,10.81,10.81,10.81,0.0,0.0,1.0
2017-11-24,10.81,10.81,10.81,10.81,10.81,0.0,0.0,1.0
2017-11-27,10.81,10.81,10.81,10.81,10.81,0.0,0.0,1.0
2017-11-28,10.81,10.81,10.81,10.81,10.81,0.0,0.0,1.0
2017-11-29,10.81,10.81,10.81,10.81,10.81,0.0,0.0,1.0
2017-11-30,12.42,12.42,12.42,12.42,12.42,200.0,0.0,1.0
2017-12-01,12.42,12.42,12.42,12.42,12.42,0.0,0.0,1.0
2017-12-04,12.42,12.42,12.42,12.42,12.42,0.0,0.0,1.0
2017-12-05,12.564,12.564,12.564,12.564,12.564,100.0,0.0,1.0
2017-12-06,12.564,12.564,12.564,12.564,12.564,0.0,0.0,1.0
2017-12-07,12.564,12.564,12.564,12.564,12.564,0.0,0.0,1.0
2017-12-08,12.564,12.564,12.564,12.564,12.564,0.0,0.0,1.0
2017-12-11,12.564,12.564,12.564,12.564,12.564,0.0,0.0,1.0
2017-12-12,12.564,12.564,12.564,12.564,12.564,0.0,0.0,1.0
2017-12-13,12.564,12.564,12.564,12.564,12.564,0.0,0.0,1.0
2017-12-14,12.564,12.564,12.564,12.564,12.564,0.0,0.0,1.0
2017-12-15,12.564,12.564,12.564,12.564,12.564,0.0,0.0,1.0
2017-12-18,11.65,11.65,11.65,11.65,11.65,200.0,0.0,1.0
2017-12-19,11.43,11.681,11.43,11.681,11.681,200.0,0.0,1.0
2017-12-20,11.681,11.681,11.681,11.681,11.681,0.0,0.0,1.0
2017-12-21,11.681,11.681,11.681,11.681,11.681,0.0,0.0,1.0
2017-12-22,11.681,11.681,11.681,11.681,11.681,0.0,0.0,1.0
2017-12-26,12.0,12.0,12.0,12.0,12.0,700.0,0.0,1.0
2017-12-27,11.73,11.73,11.73,11.73,11.73,300.0,0.0,1.0
2017-12-28,12.6,12.6,12.51,12.51,12.51,300.0,0.0,1.0
2017-12-29,12.51,12.51,12.51,12.51,12.51,0.0,0.0,1.0
2018-01-02,12.51,12.51,12.51,12.51,12.51,0.0,0.0,1.0
2018-01-03,12.51,12.51,12.51,12.51,12.51,0.0,0.0,1.0
2018-01-04,13.05,13.1,13.05,13.1,13.1,300.0,0.0,1.0
2018-01-05,13.1,13.1,13.1,13.1,13.1,0.0,0.0,1.0
2018-01-08,13.1,13.1,13.1,13.1,13.1,0.0,0.0,1.0
2018-01-09,13.1,13.1,13.1,13.1,13.1,0.0,0.0,1.0
2018-01-10,13.1,13.1,13.1,13.1,13.1,0.0,0.0,1.0
2018-01-11,13.5,13.5,13.5,13.5,13.5,400.0,0.0,1.0
2018-01-12,13.45,13.45,13.45,13.45,13.45,200.0,0.0,1.0
2018-01-16,13.45,13.45,13.45,13.45,13.45,0.0,0.0,1.0
2018-01-17,13.45,13.45,13.45,13.45,13.45,0.0,0.0,1.0
2018-01-18,13.45,13.45,13.45,13.45,13.45,0.0,0.0,1.0
2018-01-19,13.45,13.45,13.45,13.45,13.45,0.0,0.0,1.0
2018-01-22,13.45,13.45,13.45,13.45,13.45,0.0,0.0,1.0
2018-01-23,13.45,13.45,13.45,13.45,13.45,0.0,0.0,1.0
2018-01-24,13.45,13.45,13.45,13.45,13.45,0.0,0.0,1.0
2018-01-25,14.06,14.672,14.01,14.65,14.65,4200.0,0.0,1.0
2018-01-26,14.65,14.65,14.65,14.65,14.65,0.0,0.0,1.0
2018-01-29,14.65,14.65,14.65,14.65,14.65,0.0,0.0,1.0
2018-01-30,14.65,14.65,14.65,14.65,14.65,0.0,0.0,1.0
2018-01-31,14.65,14.65,14.65,14.65,14.65,0.0,0.0,1.0
2018-02-01,14.65,14.65,14.65,14.65,14.65,0.0,0.0,1.0
2018-02-02,14.65,14.65,14.65,14.65,14.65,0.0,0.0,1.0
2018-02-05,14.65,14.65,14.65,14.65,14.65,0.0,0.0,1.0
2018-02-06,14.65,14.65,14.65,14.65,14.65,0.0,0.0,1.0
2018-02-07,13.66,13.66,13.15,13.52,13.52,700.0,0.0,1.0
2018-02-08,13.52,13.52,13.52,13.52,13.52,0.0,0.0,1.0
2018-02-09,13.52,13.52,13.52,13.52,13.52,0.0,0.0,1.0
2018-02-12,13.52,13.52,13.52,13.52,13.52,0.0,0.0,1.0
2018-02-13,13.52,13.52,13.52,13.52,13.52,0.0,0.0,1.0
2018-02-14,13.52,13.52,13.52,13.52,13.52,0.0,0.0,1.0
2018-02-15,13.52,13.52,13.52,13.52,13.52,0.0,0.0,1.0
2018-02-16,13.52,13.52,13.52,13.52,13.52,0.0,0.0,1.0
2018-02-20,13.52,13.52,13.52,13.52,13.52,0.0,0.0,1.0
2018-02-21,13.52,13.52,13.52,13.52,13.52,0.0,0.0,1.0
2018-02-22,13.52,13.52,13.52,13.52,13.52,0.0,0.0,1.0
2018-02-23,13.52,13.52,13.52,13.52,13.52,0.0,0.0,1.0
2018-02-26,13.52,13.52,13.52,13.52,13.52,0.0,0.0,1.0
2018-02-27,13.41,13.41,13.36,13.36,13.36,400.0,0.0,1.0
2018-02-28,13.36,13.36,13.36,13.36,13.36,0.0,0.0,1.0
2018-03-01,13.36,13.36,13.36,13.36,13.36,0.0,0.0,1.0
2018-03-02,13.36,13.36,13.36,13.36,13.36,0.0,0.0,1.0
2018-03-05,13.36,13.36,13.36,13.36,13.36,0.0,0.0,1.0
2018-03-06,14.12,14.12,14.12,14.12,14.12,1100.0,0.0,1.0
2018-03-07,14.12,14.12,14.12,14.12,14.12,0.0,0.0,1.0
2018-03-08,14.12,14.12,14.12,14.12,14.12,0.0,0.0,1.0
2018-03-09,14.12,14.12,14.12,14.12,14.12,0.0,0.0,1.0
2018-03-12,14.12,14.12,14.12,14.12,14.12,0.0,0.0,1.0
2018-03-13,14.12,14.12,14.12,14.12,14.12,0.0,0.0,1.0
2018-03-14,14.12,14.12,14.12,14.12,14.12,0.0,0.0,1.0
2018-03-15,14.12,14.12,14.12,14.12,14.12,0.0,0.0,1.0
2018-03-16,14.65,14.86,14.65,14.69,14.69,800.0,0.0,1.0
2018-03-19,14.69,14.69,14.69,14.69,14.69,0.0,0.0,1.0
2018-03-20,14.69,14.69,14.69,14.69,14.69,0.0,0.0,1.0
2018-03-21,14.69,14.69,14.69,14.69,14.69,0.0,0.0,1.0
2018-03-22,14.69,14.69,14.69,14.69,14.69,0.0,0.0,1.0
2018-03-23,14.69,14.69,14.69,14.69,14.69,0.0,0.0,1.0
2018-03-26,15.38,15.38,15.38,15.38,15.38,100.0,0.0,1.0
2018-03-27,15.38,15.38,15.38,15.38,15.38,0.0,0.0,1.0
2018-03-28,15.41,15.41,15.41,15.41,15.41,100.0,0.0,1.0
2018-03-29,15.41,15.41,15.41,15.41,15.41,0.0,0.0,1.0
2018-04-02,15.41,15.41,15.41,15.41,15.41,0.0,0.0,1.0
2018-04-03,15.41,15.41,15.41,15.41,15.41,0.0,0.0,1.0
2018-04-04,16.4,17.02,16.4,17.02,17.02,4200.0,0.0,1.0
2018-04-05,16.11,16.11,16.11,16.11,16.11,100.0,0.0,1.0
2018-04-06,16.36,16.36,16.36,16.36,16.36,200.0,0.0,1.0
2018-04-09,17.98,17.98,17.595,17.595,17.595,700.0,0.0,1.0
2018-04-10,17.49,17.54,17.49,17.54,17.54,1000.0,0.0,1.0
2018-04-11,17.54,17.54,17.54,17.54,17.54,0.0,0.0,1.0
2018-04-12,17.54,17.54,17.54,17.54,17.54,0.0,0.0,1.0
2018-04-13,17.19,17.36,17.0,17.0,17.0,1600.0,0.0,1.0
2018-04-16,16.76,17.0,16.76,17.0,17.0,700.0,0.0,1.0
2018-04-17,17.0,17.0,17.0,17.0,17.0,0.0,0.0,1.0
2018-04-18,17.0,17.0,17.0,17.0,17.0,0.0,0.0,1.0
2018-04-19,17.0,17.0,17.0,17.0,17.0,0.0,0.0,1.0
2018-04-20,17.0,17.0,17.0,17.0,17.0,0.0,0.0,1.0
2018-04-23,17.0,17.0,17.0,17.0,17.0,0.0,0.0,1.0
2018-04-24,16.15,16.16,16.0,16.01,16.01,1000.0,0.0,1.0
2018-04-25,16.05,16.05,16.0,16.0,16.0,200.0,0.0,1.0
2018-04-26,15.92,15.92,15.92,15.92,15.92,500.0,0.0,1.0
2018-04-27,15.92,15.92,15.92,15.92,15.92,0.0,0.0,1.0
2018-04-30,15.92,15.92,15.92,15.92,15.92,0.0,0.0,1.0
2018-05-01,15.92,15.92,15.92,15.92,15.92,0.0,0.0,1.0
2018-05-02,15.92,15.92,15.92,15.92,15.92,0.0,0.0,1.0
2018-05-03,15.92,15.92,15.92,15.92,15.92,0.0,0.0,1.0
2018-05-04,15.92,15.92,15.92,15.92,15.92,0.0,0.0,1.0
2018-05-07,15.92,15.92,15.92,15.92,15.92,0.0,0.0,1.0
2018-05-08,15.92,15.92,15.92,15.92,15.92,0.0,0.0,1.0
2018-05-09,15.92,15.92,15.92,15.92,15.92,0.0,0.0,1.0
2018-05-10,15.92,15.92,15.92,15.92,15.92,0.0,0.0,1.0
2018-05-11,15.92,15.92,15.92,15.92,15.92,0.0,0.0,1.0
2018-05-14,15.92,15.92,15.92,15.92,15.92,0.0,0.0,1.0
2018-05-15,17.0,18.0,16.48,18.0,18.0,3400.0,0.0,1.0
2018-05-16,17.91,17.91,17.85,17.85,17.85,800.0,0.0,1.0
2018-05-17,18.96,19.719,18.95,19.66,19.66,3500.0,0.0,1.0
2018-05-18,18.8,18.8,18.78,18.78,18.78,300.0,0.0,1.0
2018-05-21,20.9,21.11,20.9,20.956,20.956,2700.0,0.0,1.0
2018-05-22,21.48,21.5,21.359,21.5,21.5,1800.0,0.0,1.0
2018-05-23,22.409,22.409,22.3,22.31,22.31,1100.0,0.0,1.0
2018-05-24,22.4,22.4,21.87,22.072,22.072,1700.0,0.0,1.0
2018-05-25,21.003,21.251,21.003,21.251,21.251,400.0,0.0,1.0
2018-05-29,20.647,20.647,19.93,19.93,19.93,2200.0,0.0,1.0
2018-05-30,19.92,20.0,19.92,20.0,20.0,1700.0,0.0,1.0
2018-05-31,20.0,20.0,20.0,20.0,20.0,0.0,0.0,1.0
2018-06-01,20.0,20.0,20.0,20.0,20.0,0.0,0.0,1.0
2018-06-04,20.85,20.85,20.85,20.85,20.85,200.0,0.0,1.0
2018-06-05,20.6,20.6,20.6,20.6,20.6,100.0,0.0,1.0
2018-06-06,20.0,20.1,19.97,20.1,20.1,1200.0,0.0,1.0
2018-06-07,21.0,21.955,20.775,21.8,21.8,5100.0,0.0,1.0
2018-06-08,23.005,23.005,22.683,23.0,23.0,5900.0,0.0,1.0
2018-06-11,22.654,23.309,22.59,23.26,23.26,1400.0,0.0,1.0
2018-06-12,23.26,23.26,23.26,23.26,23.26,0.0,0.0,1.0
2018-06-13,23.26,23.26,23.26,23.26,23.26,0.0,0.0,1.0
2018-06-14,23.26,23.26,23.26,23.26,23.26,0.0,0.0,1.0
2018-06-15,23.26,23.26,23.26,23.26,23.26,0.0,0.0,1.0
2018-06-18,23.26,23.26,23.26,23.26,23.26,0.0,0.0,1.0
2018-06-19,23.26,23.26,23.26,23.26,23.26,0.0,0.0,1.0
2018-06-20,23.26,23.26,23.26,23.26,23.26,0.0,0.0,1.0
2018-06-21,23.26,23.26,23.26,23.26,23.26,0.0,0.0,1.0
2018-06-22,23.26,23.26,23.26,23.26,23.26,0.0,0.0,1.0
2018-06-25,23.26,23.26,23.26,23.26,23.26,0.0,0.0,1.0
2018-06-26,23.26,23.26,23.26,23.26,23.26,0.0,0.0,1.0
2018-06-27,20.9,20.9,20.9,20.9,20.9,200.0,0.0,1.0
2018-06-28,20.0,20.0,19.891,20.0,20.0,1000.0,0.0,1.0
2018-06-29,20.19,20.3,20.19,20.3,20.3,800.0,0.0,1.0
2018-07-02,20.3,20.3,20.3,20.3,20.3,0.0,0.0,1.0
2018-07-03,20.3,20.3,20.3,20.3,20.3,0.0,0.0,1.0
2018-07-05,17.57,17.57,17.57,17.57,17.57,600.0,0.0,1.0
2018-07-06,17.79,17.83,17.79,17.82,17.82,1200.0,0.0,1.0
2018-07-09,17.82,17.82,17.82,17.82,17.82,0.0,0.0,1.0
2018-07-10,17.82,17.82,17.82,17.82,17.82,0.0,0.0,1.0
2018-07-11,17.82,17.82,17.82,17.82,17.82,0.0,0.0,1.0
2018-07-12,17.82,17.82,17.82,17.82,17.82,0.0,0.0,1.0
2018-07-13,17.82,17.82,17.82,17.82,17.82,0.0,0.0,1.0
2018-07-16,17.82,17.82,17.82,17.82,17.82,0.0,0.0,1.0
2018-07-17,17.82,17.82,17.82,17.82,17.82,0.0,0.0,1.0
2018-07-18,17.82,17.82,17.82,17.82,17.82,0.0,0.0,1.0
2018-07-19,17.82,17.82,17.82,17.82,17.82,0.0,0.0,1.0
2018-07-20,17.82,17.82,17.82,17.82,17.82,0.0,0.0,1.0
2018-07-23,17.82,17.82,17.82,17.82,17.82,0.0,0.0,1.0
2018-07-24,17.82,17.82,17.82,17.82,17.82,0.0,0.0,1.0
2018-07-25,17.82,17.82,17.82,17.82,17.82,0.0,0.0,1.0
2018-07-26,17.82,17.82,17.82,17.82,17.82,0.0,0.0,1.0
2018-07-27,17.82,17.82,17.82,17.82,17.82,0.0,0.0,1.0
2018-07-30,17.82,17.82,17.82,17.82,17.82,0.0,0.0,1.0
2018-07-31,16.78,16.834,16.78,16.79,16.79,1200.0,0.0,1.0
2018-08-01,18.15,18.18,18.15,18.15,18.15,700.0,0.0,1.0
2018-08-02,18.15,18.15,18.15,18.15,18.15,0.0,0.0,1.0
2018-08-03,18.15,18.15,18.15,18.15,18.15,0.0,0.0,1.0
2018-08-06,18.15,18.15,18.15,18.15,18.15,0.0,0.0,1.0
2018-08-07,18.15,18.15,18.15,18.15,18.15,0.0,0.0,1.0
2018-08-08,18.15,18.15,18.15,18.15,18.15,0.0,0.0,1.0
2018-08-09,18.15,18.15,18.15,18.15,18.15,100.0,0.0,1.0
2018-08-10,18.15,18.15,18.15,18.15,18.15,0.0,0.0,1.0
2018-08-13,18.15,18.15,18.15,18.15,18.15,0.0,0.0,1.0
2018-08-14,19.97,19.97,17.36,18.99,18.99,1700.0,0.0,1.0
2018-08-15,17.47,17.47,17.47,17.47,17.47,300.0,0.0,1.0
2018-08-16,15.72,15.72,15.72,15.72,15.72,200.0,0.0,1.0
2018-08-17,15.72,15.72,15.72,15.72,15.72,0.0,0.0,1.0
2018-08-20,15.72,15.72,15.72,15.72,15.72,0.0,0.0,1.0
2018-08-21,15.72,15.72,15.72,15.72,15.72,0.0,0.0,1.0
2018-08-22,15.72,15.72,15.72,15.72,15.72,0.0,0.0,1.0
2018-08-23,15.72,15.72,15.72,15.72,15.72,0.0,0.0,1.0
2018-08-24,15.72,15.72,15.72,15.72,15.72,0.0,0.0,1.0
2018-08-27,15.72,15.72,15.72,15.72,15.72,0.0,0.0,1.0
2018-08-28,15.72,15.72,15.72,15.72,15.72,0.0,0.0,1.0
2018-08-29,17.29,17.29,17.29,17.29,17.29,100.0,0.0,1.0
2018-08-30,17.29,17.29,17.29,17.29,17.29,0.0,0.0,1.0
2018-08-31,17.29,17.29,17.29,17.29,17.29,0.0,0.0,1.0
2018-09-04,17.29,17.29,17.29,17.29,17.29,0.0,0.0,1.0
2018-09-05,17.29,17.29,17.29,17.29,17.29,0.0,0.0,1.0
2018-09-06,17.29,17.29,17.29,17.29,17.29,0.0,0.0,1.0
2018-09-07,19.02,19.02,19.02,19.02,19.02,100.0,0.0,1.0
2018-09-10,19.02,19.02,19.02,19.02,19.02,0.0,0.0,1.0
2018-09-11,19.02,19.02,19.02,19.02,19.02,0.0,0.0,1.0
2018-09-12,19.02,19.02,19.02,19.02,19.02,0.0,0.0,1.0
2018-09-13,19.02,19.02,19.02,19.02,19.02,0.0,0.0,1.0
2018-09-14,19.02,19.02,19.02,19.02,19.02,0.0,0.0,1.0
2018-09-17,19.02,19.02,19.02,19.02,19.02,0.0,0.0,1.0
2018-09-18,19.02,19.02,19.02,19.02,19.02,0.0,0.0,1.0
2018-09-19,19.02,19.02,19.02,19.02,19.02,0.0,0.0,1.0
2018-09-20,19.02,19.02,19.02,19.02,19.02,0.0,0.0,1.0
2018-09-21,19.02,19.02,19.02,19.02,19.02,0.0,0.0,1.0
2018-09-24,19.02,19.02,19.02,19.02,19.02,0.0,0.0,1.0
2018-09-25,19.02,19.02,19.02,19.02,19.02,0.0,0.0,1.0
2018-09-26,19.02,19.02,19.02,19.02,19.02,0.0,0.0,1.0
2018-09-27,19.02,19.02,19.02,19.02,19.02,0.0,0.0,1.0
2018-09-28,19.02,19.02,19.02,19.02,19.02,0.0,0.0,1.0
2018-10-01,19.02,19.02,19.02,19.02,19.02,0.0,0.0,1.0
2018-10-02,18.0,18.0,18.0,18.0,18.0,100.0,0.0,1.0
2018-10-03,18.0,18.0,18.0,18.0,18.0,0.0,0.0,1.0
2018-10-04,18.0,18.0,18.0,18.0,18.0,0.0,0.0,1.0
2018-10-05,18.0,18.0,18.0,18.0,18.0,0.0,0.0,1.0
2018-10-08,18.0,18.0,18.0,18.0,18.0,0.0,0.0,1.0
2018-10-09,18.0,18.0,18.0,18.0,18.0,0.0,0.0,1.0
2018-10-10,16.2,16.2,16.2,16.2,16.2,100.0,0.0,1.0
2018-10-11,16.2,16.2,16.2,16.2,16.2,0.0,0.0,1.0
2018-10-12,16.2,16.2,16.2,16.2,16.2,0.0,0.0,1.0
2018-10-15,16.2,16.2,16.2,16.2,16.2,0.0,0.0,1.0
2018-10-16,16.72,16.72,16.72,16.72,16.72,100.0,0.0,1.0
2018-10-17,16.72,16.72,16.72,16.72,16.72,0.0,0.0,1.0
2018-10-18,16.72,16.72,16.72,16.72,16.72,0.0,0.0,1.0
2018-10-19,16.72,16.72,16.72,16.72,16.72,0.0,0.0,1.0
2018-10-22,16.72,16.72,16.72,16.72,16.72,0.0,0.0,1.0
2018-10-23,16.72,16.72,16.72,16.72,16.72,0.0,0.0,1.0
2018-10-24,16.72,16.72,16.72,16.72,16.72,0.0,0.0,1.0
2018-10-25,15.55,15.55,15.55,15.55,15.55,100.0,0.0,1.0
2018-10-26,14.46,14.46,14.46,14.46,14.46,100.0,0.0,1.0
2018-10-29,14.46,14.46,14.46,14.46,14.46,100.0,0.0,1.0
2018-10-30,14.46,14.46,14.46,14.46,14.46,100.0,0.0,1.0
2018-10-31,14.46,14.46,14.46,14.46,14.46,0.0,0.0,1.0
2018-11-01,14.46,14.46,14.46,14.46,14.46,0.0,0.0,1.0
2018-11-02,14.46,14.46,14.46,14.46,14.46,0.0,0.0,1.0
2018-11-05,14.46,14.46,14.46,14.46,14.46,0.0,0.0,1.0
2018-11-06,14.46,14.46,14.46,14.46,14.46,100.0,0.0,1.0
2018-11-07,14.46,14.46,14.46,14.46,14.46,0.0,0.0,1.0
2018-11-08,14.46,14.46,14.46,14.46,14.46,0.0,0.0,1.0
2018-11-09,14.46,14.46,14.46,14.46,14.46,0.0,0.0,1.0
2018-11-12,14.46,14.46,14.46,14.46,14.46,0.0,0.0,1.0
2018-11-13,14.46,14.46,14.46,14.46,14.46,0.0,0.0,1.0
2018-11-14,14.61,14.65,14.61,14.65,14.65,1000.0,0.0,1.0
2018-11-15,13.63,13.63,13.63,13.63,13.63,100.0,0.0,1.0
2018-11-16,13.63,13.63,13.63,13.63,13.63,0.0,0.0,1.0
2018-11-19,14.6,14.6,14.6,14.6,14.6,100.0,0.0,1.0
2018-11-20,14.6,14.6,14.6,14.6,14.6,0.0,0.0,1.0
2018-11-21,14.6,14.6,14.6,14.6,14.6,0.0,0.0,1.0
2018-11-23,14.6,14.6,14.6,14.6,14.6,100.0,0.0,1.0
2018-11-26,14.6,14.6,14.6,14.6,14.6,0.0,0.0,1.0
2018-11-27,14.6,14.6,14.6,14.6,14.6,0.0,0.0,1.0
2018-11-28,14.6,14.6,14.6,14.6,14.6,0.0,0.0,1.0
2018-11-29,14.6,14.6,14.6,14.6,14.6,0.0,0.0,1.0
2018-11-30,14.6,14.6,14.6,14.6,14.6,100.0,0.0,1.0
2018-12-03,15.61,15.62,15.61,15.62,15.62,200.0,0.0,1.0
2018-12-04,15.88,15.88,15.88,15.88,15.88,100.0,0.0,1.0
2018-12-06,15.88,15.88,15.88,15.88,15.88,0.0,0.0,1.0
2018-12-07,15.88,15.88,15.88,15.88,15.88,0.0,0.0,1.0
2018-12-10,15.88,15.88,15.88,15.88,15.88,0.0,0.0,1.0
2018-12-11,15.88,15.88,15.88,15.88,15.88,0.0,0.0,1.0
2018-12-12,15.88,15.88,15.88,15.88,15.88,0.0,0.0,1.0
2018-12-13,15.88,15.88,15.88,15.88,15.88,0.0,0.0,1.0
2018-12-14,15.88,15.88,15.88,15.88,15.88,0.0,0.0,1.0
2018-12-17,14.77,14.77,14.77,14.77,14.77,100.0,0.0,1.0
2018-12-18,14.77,14.77,14.77,14.77,14.77,0.0,0.0,1.0
2018-12-19,14.77,14.77,14.77,14.77,14.77,0.0,0.0,1.0
2018-12-20,13.74,13.74,13.74,13.74,13.74,100.0,0.0,1.0
2018-12-21,12.78,12.78,12.78,12.78,12.78,100.0,0.0,1.0
2018-12-24,12.78,12.78,12.78,12.78,12.78,0.0,0.0,1.0
2018-12-26,12.78,12.78,12.78,12.78,12.78,100.0,0.0,1.0
2018-12-27,12.78,12.78,12.78,12.78,12.78,0.0,0.0,1.0
2018-12-28,12.01,12.01,12.01,12.01,12.01,200.0,0.0,1.0
2018-12-31,12.01,12.01,12.01,12.01,12.01,0.0,0.0,1.0
2019-01-02,12.01,12.01,12.01,12.01,12.01,100.0,0.0,1.0
2019-01-03,12.01,12.01,12.01,12.01,12.01,0.0,0.0,1.0
2019-01-04,12.01,12.01,12.01,12.01,12.01,0.0,0.0,1.0
2019-01-07,12.85,12.95,12.85,12.95,12.95,300.0,0.0,1.0
2019-01-08,13.86,13.86,13.86,13.86,13.86,200.0,0.0,1.0
2019-01-09,13.86,13.86,13.86,13.86,13.86,0.0,0.0,1.0
2019-01-10,13.86,13.86,13.86,13.86,13.86,0.0,0.0,1.0
2019-01-11,13.86,13.86,13.86,13.86,13.86,0.0,0.0,1.0
2019-01-14,13.86,13.86,13.86,13.86,13.86,0.0,0.0,1.0
2019-01-15,13.86,13.86,13.86,13.86,13.86,0.0,0.0,1.0
2019-01-16,13.86,13.86,13.86,13.86,13.86,0.0,0.0,1.0
2019-01-17,13.86,13.86,13.86,13.86,13.86,0.0,0.0,1.0
2019-01-18,14.83,14.83,14.83,14.83,14.83,100.0,0.0,1.0
2019-01-22,14.83,14.83,14.83,14.83,14.83,0.0,0.0,1.0
2019-01-23,15.25,15.25,14.48,14.552,14.552,600.0,0.0,1.0
2019-01-24,14.552,14.552,14.552,14.552,14.552,0.0,0.0,1.0
2019-01-25,14.552,14.552,14.552,14.552,14.552,0.0,0.0,1.0
2019-01-28,14.45,14.45,14.45,14.45,14.45,100.0,0.0,1.0
2019-01-29,14.45,14.45,14.45,14.45,14.45,100.0,0.0,1.0
2019-01-30,14.053,14.053,14.053,14.053,14.053,500.0,0.0,1.0
2019-01-31,14.053,14.053,14.053,14.053,14.053,0.0,0.0,1.0
2019-02-01,14.053,14.053,14.053,14.053,14.053,100.0,0.0,1.0
2019-02-04,14.0,14.0,14.0,14.0,14.0,100.0,0.0,1.0
2019-02-05,14.0,14.0,14.0,14.0,14.0,0.0,0.0,1.0
2019-02-06,14.0,14.0,14.0,14.0,14.0,0.0,0.0,1.0
2019-02-07,14.0,14.0,14.0,14.0,14.0,0.0,0.0,1.0
2019-02-08,14.0,14.0,14.0,14.0,14.0,0.0,0.0,1.0
2019-02-11,14.0,14.0,14.0,14.0,14.0,0.0,0.0,1.0
2019-02-12,14.0,14.0,14.0,14.0,14.0,0.0,0.0,1.0
2019-02-13,14.0,14.0,14.0,14.0,14.0,0.0,0.0,1.0
2019-02-14,14.0,14.0,14.0,14.0,14.0,1000.0,0.0,1.0
2019-02-15,13.0,13.0,10.8,10.8,10.8,6600.0,0.0,1.0
2019-02-19,11.201,11.201,11.201,11.201,11.201,500.0,0.0,1.0
2019-02-20,10.695,11.387,10.695,11.387,11.387,800.0,0.0,1.0
2019-02-21,11.387,11.387,11.387,11.387,11.387,0.0,0.0,1.0
2019-02-22,11.387,11.387,11.387,11.387,11.387,100.0,0.0,1.0
2019-02-25,10.62,10.62,8.34,8.35,8.35,1500.0,0.0,1.0
2019-02-26,9.0,11.23,8.94,11.23,11.23,3700.0,0.0,1.0
2019-02-27,11.23,11.23,11.23,11.23,11.23,100.0,0.0,1.0
2019-02-28,11.6,11.6,11.6,11.6,11.6,500.0,0.0,1.0
2019-03-01,11.4,11.4,11.4,11.4,11.4,200.0,0.0,1.0
2019-03-04,11.4,11.4,11.4,11.4,11.4,0.0,0.0,1.0
2019-03-05,11.4,11.4,11.4,11.4,11.4,0.0,0.0,1.0
2019-03-06,11.4,11.4,11.4,11.4,11.4,100.0,0.0,1.0
2019-03-07,11.4,11.4,11.4,11.4,11.4,0.0,0.0,1.0
2019-03-08,10.63,10.63,10.63,10.63,10.63,100.0,0.0,1.0
2019-03-11,10.63,10.63,10.63,10.63,10.63,0.0,0.0,1.0
2019-03-12,10.14,10.14,10.14,10.14,10.14,200.0,0.0,1.0
2019-03-13,10.14,10.14,10.14,10.14,10.14,0.0,0.0,1.0
2019-03-14,10.14,10.14,10.14,10.14,10.14,0.0,0.0,1.0
2019-03-15,10.14,10.14,10.14,10.14,10.14,0.0,0.0,1.0
2019-03-18,10.14,10.14,10.14,10.14,10.14,0.0,0.0,1.0
2019-03-19,10.14,10.14,10.14,10.14,10.14,0.0,0.0,1.0
2019-03-20,10.14,10.14,10.14,10.14,10.14,100.0,0.0,1.0
2019-03-21,10.14,10.14,10.14,10.14,10.14,0.0,0.0,1.0
2019-03-22,10.14,10.14,10.14,10.14,10.14,0.0,0.0,1.0
2019-03-25,10.14,10.14,10.14,10.14,10.14,0.0,0.0,1.0
2019-03-26,9.48,9.688,9.43,9.5,9.5,2800.0,0.0,1.0
2019-03-27,9.5,9.5,9.5,9.5,9.5,0.0,0.0,1.0
2019-03-28,9.5,9.5,9.5,9.5,9.5,0.0,0.0,1.0
2019-03-29,9.5,9.5,9.5,9.5,9.5,0.0,0.0,1.0
2019-04-01,9.5,9.5,9.5,9.5,9.5,0.0,0.0,1.0
2019-04-02,9.5,9.5,9.5,9.5,9.5,0.0,0.0,1.0
2019-04-03,9.5,9.5,9.5,9.5,9.5,0.0,0.0,1.0
2019-04-04,9.5,9.5,9.5,9.5,9.5,0.0,0.0,1.0
2019-04-05,9.5,9.5,9.5,9.5,9.5,0.0,0.0,1.0
2019-04-08,9.5,9.5,9.5,9.5,9.5,0.0,0.0,1.0
2019-04-09,9.5,9.5,9.5,9.5,9.5,0.0,0.0,1.0
2019-04-10,9.5,9.5,9.5,9.5,9.5,0.0,0.0,1.0
2019-04-11,9.5,9.5,9.5,9.5,9.5,0.0,0.0,1.0
2019-04-12,9.5,9.5,9.5,9.5,9.5,0.0,0.0,1.0
2019-04-15,9.5,9.5,9.5,9.5,9.5,100.0,0.0,1.0
2019-04-16,9.5,9.5,9.5,9.5,9.5,0.0,0.0,1.0
2019-04-17,9.5,9.5,9.5,9.5,9.5,0.0,0.0,1.0
2019-04-18,9.5,9.5,9.5,9.5,9.5,0.0,0.0,1.0
2019-04-22,9.5,9.5,9.5,9.5,9.5,0.0,0.0,1.0
2019-04-23,9.5,9.5,9.5,9.5,9.5,0.0,0.0,1.0
2019-04-24,9.5,9.5,9.5,9.5,9.5,0.0,0.0,1.0
2019-04-25,9.5,9.5,9.5,9.5,9.5,0.0,0.0,1.0
2019-04-26,9.5,9.5,9.5,9.5,9.5,0.0,0.0,1.0
2019-04-29,9.5,9.5,9.5,9.5,9.5,100.0,0.0,1.0
2019-04-30,9.5,9.5,9.5,9.5,9.5,0.0,0.0,1.0
2019-05-01,9.4,9.4,9.4,9.4,9.4,400.0,0.0,1.0
2019-05-02,9.4,9.4,9.4,9.4,9.4,0.0,0.0,1.0
2019-05-03,9.4,9.4,9.4,9.4,9.4,100.0,0.0,1.0
2019-05-06,9.4,9.4,9.4,9.4,9.4,0.0,0.0,1.0
2019-05-07,9.4,9.4,9.4,9.4,9.4,100.0,0.0,1.0
2019-05-08,9.4,9.4,9.4,9.4,9.4,0.0,0.0,1.0
2019-05-09,9.4,9.4,9.4,9.4,9.4,0.0,0.0,1.0
2019-05-10,9.4,9.4,9.4,9.4,9.4,100.0,0.0,1.0
2019-05-13,9.4,9.4,9.4,9.4,9.4,0.0,0.0,1.0
2019-05-14,9.4,9.4,9.4,9.4,9.4,0.0,0.0,1.0
2019-05-15,8.74,8.74,8.74,8.74,8.74,100.0,0.0,1.0
2019-05-16,8.13,8.13,7.55,7.55,7.55,2000.0,0.0,1.0
2019-05-17,7.55,7.55,7.55,7.55,7.55,0.0,0.0,1.0
2019-05-20,7.55,7.55,7.55,7.55,7.55,100.0,0.0,1.0
2019-05-21,7.55,7.55,7.55,7.55,7.55,0.0,0.0,1.0
2019-05-22,7.55,7.55,7.55,7.55,7.55,0.0,0.0,1.0
2019-05-23,7.05,7.05,7.05,7.05,7.05,400.0,0.0,1.0
2019-05-24,7.05,7.05,7.05,7.05,7.05,0.0,0.0,1.0
2019-05-28,7.05,7.05,7.05,7.05,7.05,0.0,0.0,1.0
2019-05-29,7.05,7.05,7.05,7.05,7.05,0.0,0.0,1.0
2019-05-30,7.05,7.05,7.05,7.05,7.05,0.0,0.0,1.0
2019-05-31,7.05,7.05,7.05,7.05,7.05,0.0,0.0,1.0
2019-06-03,7.05,7.05,7.05,7.05,7.05,0.0,0.0,1.0
2019-06-04,7.05,7.05,7.05,7.05,7.05,0.0,0.0,1.0
2019-06-05,7.05,7.05,7.05,7.05,7.05,0.0,0.0,1.0
2019-06-06,7.05,7.05,7.05,7.05,7.05,0.0,0.0,1.0
2019-06-07,7.05,7.05,7.05,7.05,7.05,0.0,0.0,1.0
2019-06-10,7.05,7.05,7.05,7.05,7.05,0.0,0.0,1.0
2019-06-11,7.05,7.05,7.05,7.05,7.05,0.0,0.0,1.0
2019-06-12,7.05,7.05,7.05,7.05,7.05,0.0,0.0,1.0
2019-06-13,7.05,7.05,7.05,7.05,7.05,0.0,0.0,1.0
2019-06-14,7.05,7.05,7.05,7.05,7.05,0.0,0.0,1.0
2019-06-17,6.88,6.88,6.88,6.88,6.88,100.0,0.0,1.0
2019-06-18,6.88,6.88,6.88,6.88,6.88,0.0,0.0,1.0
2019-06-19,6.88,6.88,6.88,6.88,6.88,0.0,0.0,1.0
2019-06-20,6.88,6.88,6.88,6.88,6.88,0.0,0.0,1.0
2019-06-21,6.88,6.88,6.88,6.88,6.88,0.0,0.0,1.0
2019-06-24,6.88,6.88,6.88,6.88,6.88,100.0,0.0,1.0
2019-06-25,6.88,6.88,6.88,6.88,6.88,100.0,0.0,1.0
2019-06-26,6.71,6.71,6.71,6.71,6.71,100.0,0.0,1.0
2019-06-27,6.863,6.863,6.863,6.863,6.863,200.0,0.0,1.0
2019-06-28,6.52,6.533,6.52,6.533,6.533,300.0,0.0,1.0
2019-07-01,6.533,6.533,6.533,6.533,6.533,0.0,0.0,1.0
2019-07-02,6.533,6.533,6.533,6.533,6.533,0.0,0.0,1.0
2019-07-03,6.533,6.533,6.533,6.533,6.533,0.0,0.0,1.0
2019-07-05,6.533,6.533,6.533,6.533,6.533,0.0,0.0,1.0
2019-07-08,6.51,6.51,6.51,6.51,6.51,200.0,0.0,1.0
2019-07-09,6.51,6.51,6.51,6.51,6.51,0.0,0.0,1.0
2019-07-10,6.51,6.51,6.51,6.51,6.51,0.0,0.0,1.0
2019-07-11,6.51,6.51,6.51,6.51,6.51,100.0,0.0,1.0
2019-07-12,6.51,6.51,6.51,6.51,6.51,100.0,0.0,1.0
2019-07-15,6.51,6.51,6.51,6.51,6.51,0.0,0.0,1.0
2019-07-16,6.51,6.51,6.51,6.51,6.51,0.0,0.0,1.0
2019-07-17,6.51,6.51,6.51,6.51,6.51,0.0,0.0,1.0
2019-07-18,6.51,6.51,6.51,6.51,6.51,0.0,0.0,1.0
2019-07-19,6.51,6.51,6.51,6.51,6.51,0.0,0.0,1.0
2019-07-22,6.51,6.51,6.51,6.51,6.51,0.0,0.0,1.0
2019-07-23,6.51,6.51,6.51,6.51,6.51,0.0,0.0,1.0
2019-07-24,6.51,6.51,6.51,6.51,6.51,0.0,0.0,1.0
2019-07-25,6.05,6.48,6.05,6.48,6.48,400.0,0.0,1.0
2019-07-26,6.48,6.48,6.48,6.48,6.48,0.0,0.0,1.0
2019-07-29,6.48,6.48,6.48,6.48,6.48,0.0,0.0,1.0
2019-07-30,6.48,6.48,6.48,6.48,6.48,0.0,0.0,1.0
2019-07-31,6.45,6.45,6.45,6.45,6.45,200.0,0.0,1.0
2019-08-01,6.45,6.45,6.45,6.45,6.45,100.0,0.0,1.0
2019-08-02,6.45,6.45,6.45,6.45,6.45,100.0,0.0,1.0
2019-08-05,6.45,6.45,6.45,6.45,6.45,100.0,0.0,1.0
2019-08-06,6.45,6.45,6.45,6.45,6.45,100.0,0.0,1.0
2019-08-07,6.45,6.45,6.45,6.45,6.45,100.0,0.0,1.0
